symbol,Communication Services,Consumer Discretionary,Consumer Staples,Energy,Financials,Health Care,Industrials,Information Technology,Materials,Real Estate,Utilities,Beta,Momentum,Size,ResVol,AI
A,0.0,0.0,0.0,0.0,0.0,1.0,0.0,0.0,0.0,0.0,0.0,0.7781295827420027,-0.138177629183163,-0.7539998576550144,-0.3026512057993412,0.0
AAPL,0.0,0.0,0.0,0.0,0.0,0.0,0.0,1.0,0.0,0.0,0.0,-0.5941418250582899,0.4212813054743299,3.0682946495366026,0.3107539836941016,0.0
ABBV,0.0,0.0,0.0,0.0,0.0,1.0,0.0,0.0,0.0,0.0,0.0,-1.1059305076966524,0.069237775737978,0.3368267765667908,-0.4835862805538076,0.0
ABNB,0.0,1.0,0.0,0.0,0.0,0.0,0.0,0.0,0.0,0.0,0.0,0.183565661609392,-0.1736236652543187,0.9088127359802066,-0.3968468343457459,0.0
ABT,0.0,0.0,0.0,0.0,0.0,1.0,0.0,0.0,0.0,0.0,0.0,-0.7092223062215018,-0.6620475742640849,0.5214208917106863,-0.5459430805107954,0.0
ACGL,0.0,0.0,0.0,0.0,1.0,0.0,0.0,0.0,0.0,0.0,0.0,-1.2326383679806223,-0.0901353211891894,0.2621203283432138,-0.5656614537898357,0.0
ACN,0.0,0.0,0.0,0.0,0.0,0.0,0.0,1.0,0.0,0.0,0.0,0.4300826517441317,-0.8887503178702625,0.2491300886854111,1.4294677468478516,0.0
ADBE,0.0,0.0,0.0,0.0,0.0,0.0,0.0,1.0,0.0,0.0,0.0,-0.2460648151886509,-0.7662580300674607,1.4919564166096215,1.1332203274795352,0.0
ADI,0.0,0.0,0.0,0.0,0.0,0.0,0.0,1.0,0.0,0.0,0.0,0.6773740199268414,0.7130644269617548,1.943044537179203,-0.0542093245603259,0.0
ADM,0.0,0.0,1.0,0.0,0.0,0.0,0.0,0.0,0.0,0.0,0.0,-1.004988402696827,0.2164583108117574,-0.5732662914426724,-0.3052913649919477,0.0
ADP,0.0,0.0,0.0,0.0,0.0,0.0,1.0,0.0,0.0,0.0,0.0,-0.7747370973608493,-0.5564815404388258,1.0270145416137204,0.0818468148610463,0.0
ADSK,0.0,0.0,0.0,0.0,0.0,0.0,0.0,1.0,0.0,0.0,0.0,-0.1805888090590567,-0.7103137674124523,0.8643173715156086,0.8945082367810104,0.0
AEE,0.0,0.0,0.0,0.0,0.0,0.0,0.0,0.0,0.0,0.0,1.0,-1.180086819812265,-0.1530006522048313,-0.9741950742246248,-1.5348653247051174,0.0
AEP,0.0,0.0,0.0,0.0,0.0,0.0,0.0,0.0,0.0,0.0,1.0,-1.3416918602938803,-0.0327665152590446,1.1503412039764795,-1.3169785655534192,0.0
AES,0.0,0.0,0.0,0.0,0.0,0.0,0.0,0.0,0.0,0.0,1.0,-0.4163701147129025,-0.1056028143890286,-1.5837127774365265,0.3497204399077709,0.0
AFL,0.0,0.0,0.0,0.0,1.0,0.0,0.0,0.0,0.0,0.0,0.0,-1.2745789383213724,-0.0011721928800903,-0.6430242180991446,-0.7563776608481653,0.0
AIG,0.0,0.0,0.0,0.0,1.0,0.0,0.0,0.0,0.0,0.0,0.0,-0.7520715904081986,-0.2823346617040108,-0.7626233836338365,-0.5928929219410146,0.0
AIZ,0.0,0.0,0.0,0.0,1.0,0.0,0.0,0.0,0.0,0.0,0.0,-0.8244115941754634,0.3032619715844115,-1.3479823877714188,-0.5553304355047444,0.0
AJG,0.0,0.0,0.0,0.0,1.0,0.0,0.0,0.0,0.0,0.0,0.0,-0.6663679751177917,-0.4373574655561414,-0.4507773926312846,-0.2005472794380516,0.0
AKAM,0.0,0.0,0.0,0.0,0.0,0.0,0.0,1.0,0.0,0.0,0.0,-0.2344194730181836,0.6742769701682155,0.6551373909107433,2.1379748332287174,0.0
ALB,0.0,0.0,0.0,0.0,0.0,0.0,0.0,0.0,1.0,0.0,0.0,1.1309495493458046,0.8912646661157639,-0.6029815550414394,2.102967524434979,0.0
ALGN,0.0,0.0,0.0,0.0,0.0,1.0,0.0,0.0,0.0,0.0,0.0,1.8584260234669103,0.0307931412726269,-0.0081441116315461,0.7081140577911458,0.0
ALL,0.0,0.0,0.0,0.0,1.0,0.0,0.0,0.0,0.0,0.0,0.0,-1.0709007292404331,-0.0187432249792626,-0.5783253728746397,-0.5129592862502412,0.0
ALLE,0.0,0.0,0.0,0.0,0.0,0.0,1.0,0.0,0.0,0.0,0.0,0.1343735769625091,-0.5436029477719151,-1.2767040254923123,-0.430250333360565,0.0
AMAT,0.0,0.0,0.0,0.0,0.0,0.0,0.0,1.0,0.0,0.0,0.0,1.1902978298442162,2.6662395446313676,2.550210495723115,1.3905717758839906,0.0
AMCR,0.0,0.0,0.0,0.0,0.0,0.0,0.0,0.0,1.0,0.0,0.0,0.4766357565104576,-0.4403168070831615,-1.152210483424218,-0.4085080512656077,0.0
AMD,0.0,0.0,0.0,0.0,0.0,0.0,0.0,1.0,0.0,0.0,0.0,1.5939271145311595,2.5715247555545004,3.0682946495366026,2.5012460016131706,1.0
AME,0.0,0.0,0.0,0.0,0.0,0.0,1.0,0.0,0.0,0.0,0.0,0.2885173557248121,0.0324421614652827,-0.9326183695334948,-1.1032567312866974,0.0
AMGN,0.0,0.0,0.0,0.0,0.0,1.0,0.0,0.0,0.0,0.0,0.0,-0.3034712814422229,0.0037433076373993,1.4231583879684486,-0.6460775132522558,0.0
AMP,0.0,0.0,0.0,0.0,1.0,0.0,0.0,0.0,0.0,0.0,0.0,0.1792405078991523,-0.3403798240130803,-0.7792504629763436,-0.9287239363821036,0.0
AMT,0.0,0.0,0.0,0.0,0.0,0.0,0.0,0.0,0.0,1.0,0.0,-0.951987587889457,-0.5802468494878985,-0.2152688551995809,-0.7111021109093912,0.0
AMZN,0.0,1.0,0.0,0.0,0.0,0.0,0.0,0.0,0.0,0.0,0.0,0.2673997122954419,-0.1183379096755767,3.0682946495366026,0.3079408921259888,1.0
ANET,0.0,0.0,0.0,0.0,0.0,0.0,0.0,1.0,0.0,0.0,0.0,0.6705657738724802,0.1759879267400506,0.5294105319206724,1.4198378279680497,1.0
AON,0.0,0.0,0.0,0.0,1.0,0.0,0.0,0.0,0.0,0.0,0.0,-1.0579454217071438,-0.3169948264709349,-0.1491712995749537,-0.6154369844742071,0.0
AOS,0.0,0.0,0.0,0.0,0.0,0.0,1.0,0.0,0.0,0.0,0.0,0.522301318523174,-0.495975429538826,-1.381569188813356,-0.8801790447065959,0.0
APA,0.0,0.0,0.0,1.0,0.0,0.0,0.0,0.0,0.0,0.0,0.0,-1.5883032171322315,0.8940016078946456,0.111038554931053,-0.0124545204989188,0.0
APD,0.0,0.0,0.0,0.0,0.0,0.0,0.0,0.0,1.0,0.0,0.0,-0.6790049175102473,-0.2823332334819278,-0.4334673493519755,-0.3298767353603679,0.0
APH,0.0,0.0,0.0,0.0,0.0,0.0,0.0,1.0,0.0,0.0,0.0,0.7260889837409416,0.321846381898913,0.5176995484157672,0.69015944153067,0.0
APO,0.0,0.0,0.0,0.0,1.0,0.0,0.0,0.0,0.0,0.0,0.0,0.6448036105359934,-0.5520376553607631,-0.26929359732106,-0.0212848048996909,0.0
APP,1.0,0.0,0.0,0.0,0.0,0.0,0.0,0.0,0.0,0.0,0.0,1.2415462602233225,0.1808584498974655,1.6842143389413775,3.1689995215447584,0.0
APTV,0.0,1.0,0.0,0.0,0.0,0.0,0.0,0.0,0.0,0.0,0.0,1.1002715225214643,-0.4175435379705048,-0.8722863422930957,0.6622478394044553,0.0
ARE,0.0,0.0,0.0,0.0,0.0,0.0,0.0,0.0,0.0,1.0,0.0,0.9704789610764564,-0.8081721005100572,-1.6240704759647375,0.6129176713048013,0.0
ARES,0.0,0.0,0.0,0.0,1.0,0.0,0.0,0.0,0.0,0.0,0.0,1.5563599164481456,-0.7931107254797792,-0.6266355695293612,0.6054800033256231,0.0
ATO,0.0,0.0,0.0,0.0,0.0,0.0,0.0,0.0,0.0,0.0,1.0,-1.1442370520294147,-0.1193551406250532,-0.9893352125083212,-1.2856235580762525,0.0
AVB,0.0,0.0,0.0,0.0,0.0,0.0,0.0,0.0,0.0,1.0,0.0,-0.4211162995193041,-0.2761341597729955,-1.0954273080473076,-1.2141655122963522,0.0
AVGO,0.0,0.0,0.0,0.0,0.0,0.0,0.0,1.0,0.0,0.0,0.0,0.595549773208881,0.1448994559707046,3.045038175552424,0.644955670324801,1.0
AVY,0.0,0.0,0.0,0.0,0.0,0.0,0.0,0.0,1.0,0.0,0.0,0.1453475671938078,-0.3821386841800382,-1.4732184166211983,-0.673805897447121,0.0
AWK,0.0,0.0,0.0,0.0,0.0,0.0,0.0,0.0,0.0,0.0,1.0,-1.5582696740344106,-0.3780904110847525,-0.8120595894456691,-0.716892045773854,0.0
AXON,0.0,0.0,0.0,0.0,0.0,0.0,1.0,0.0,0.0,0.0,0.0,1.074608479958871,-0.7084355520726302,0.7287231852589137,2.5737286232493366,0.0
AXP,0.0,0.0,0.0,0.0,1.0,0.0,0.0,0.0,0.0,0.0,0.0,0.467315700893906,-0.1299470034746871,0.2262506320584572,-0.88312008784924,0.0
AZO,0.0,1.0,0.0,0.0,0.0,0.0,0.0,0.0,0.0,0.0,0.0,-0.8562403431044052,-0.6129324095867862,-0.0779978526258025,-0.1552899017859067,0.0
BA,0.0,0.0,0.0,0.0,0.0,0.0,1.0,0.0,0.0,0.0,0.0,0.4166329977117778,-0.3010855994320867,0.458536430539703,-0.009445868995611,0.0
BAC,0.0,0.0,0.0,0.0,1.0,0.0,0.0,0.0,0.0,0.0,0.0,0.0136814920198785,0.0731439455692519,0.6521662290313452,-1.190234379158272,0.0
BALL,0.0,0.0,0.0,0.0,0.0,0.0,0.0,0.0,1.0,0.0,0.0,-0.2093895779546989,-0.1598960720011281,-1.124394674175327,-0.4946397285616662,0.0
BAX,0.0,0.0,0.0,0.0,0.0,1.0,0.0,0.0,0.0,0.0,0.0,1.5901513534660254,-0.3620264646395114,-1.260794674356433,0.5467460062954337,0.0
BBY,0.0,1.0,0.0,0.0,0.0,0.0,0.0,0.0,0.0,0.0,0.0,0.7621659246634107,-0.0690404379855022,-0.5542192441123074,0.1705459855737348,0.0
BDX,0.0,0.0,0.0,0.0,0.0,1.0,0.0,0.0,0.0,0.0,0.0,-0.1132936351291436,-0.4996906530101003,-0.587749428428664,-0.233484286317734,0.0
BEN,0.0,0.0,0.0,0.0,1.0,0.0,0.0,0.0,0.0,0.0,0.0,0.5358905378319452,0.1259410801897153,-1.240444219297396,-0.5175129189872457,0.0
BF.B,0.0,0.0,1.0,0.0,0.0,0.0,0.0,0.0,0.0,0.0,0.0,-0.5880845890831728,-0.488602071735773,-1.6692019689336512,0.2787783762606436,0.0
BG,0.0,0.0,1.0,0.0,0.0,0.0,0.0,0.0,0.0,0.0,0.0,-1.082076492142161,0.2240712411198959,-1.003897340783401,0.1674082122343006,0.0
BIIB,0.0,0.0,0.0,0.0,0.0,1.0,0.0,0.0,0.0,0.0,0.0,-0.2855126670892738,0.3981582073617126,0.2625122282408446,0.1926995870156198,0.0
BKNG,0.0,1.0,0.0,0.0,0.0,0.0,0.0,0.0,0.0,0.0,0.0,0.2940528789952654,-0.6140277041026367,1.536977080667454,-0.0731867552843464,0.0
BKR,0.0,0.0,0.0,1.0,0.0,0.0,0.0,0.0,0.0,0.0,0.0,-0.3404729436135655,0.1196220639597096,0.8744949197826222,-0.1149360323111197,0.0
BLDR,0.0,0.0,0.0,0.0,0.0,0.0,1.0,0.0,0.0,0.0,0.0,2.662359468949353,-0.8770020389236233,-0.986548479184252,0.8211496204861201,0.0
BLK,0.0,0.0,0.0,0.0,1.0,0.0,0.0,0.0,0.0,0.0,0.0,0.6930626070092812,-0.4352920420269781,-0.0161426828680187,-0.7572792977950972,0.0
BMY,0.0,0.0,0.0,0.0,0.0,1.0,0.0,0.0,0.0,0.0,0.0,-0.6550028512988002,0.0437163880806334,-0.0712558976159938,-0.5313517942345557,0.0
BNY,0.0,0.0,0.0,0.0,1.0,0.0,0.0,0.0,0.0,0.0,0.0,-1.4778094296689654,-0.0790369919099839,-0.1889627900653679,-0.9182680508402536,0.0
BR,0.0,0.0,0.0,0.0,0.0,0.0,1.0,0.0,0.0,0.0,0.0,-0.8479364621105578,-0.8860910290799591,-0.9241921043703588,0.0775989562134478,0.0
BRK.B,0.0,0.0,0.0,0.0,1.0,0.0,0.0,0.0,0.0,0.0,0.0,-1.050204848238663,-0.2076512352106625,0.6539633785219502,-1.0960729109655505,0.0
BRO,0.0,0.0,0.0,0.0,1.0,0.0,0.0,0.0,0.0,0.0,0.0,-0.6939643230301981,-0.6371975700656027,-0.925325450573977,-0.2139025401261018,0.0
BSX,0.0,0.0,0.0,0.0,0.0,1.0,0.0,0.0,0.0,0.0,0.0,-1.010041672098602,-1.0585634916725,0.2850412682840091,0.3487278805459656,0.0
BX,0.0,0.0,0.0,0.0,1.0,0.0,0.0,0.0,0.0,0.0,0.0,1.2481762696638246,-0.6920685494808663,-0.0805528511070333,-0.2180358750359784,0.0
BXP,0.0,0.0,0.0,0.0,0.0,0.0,0.0,0.0,0.0,1.0,0.0,0.4416226279629643,-0.2899971389778613,-1.5693217012290284,-0.5360557249278626,0.0
C,0.0,0.0,0.0,0.0,1.0,0.0,0.0,0.0,0.0,0.0,0.0,0.6931917929017167,0.3641919278621439,0.7820189969903981,-0.6230022169335931,0.0
CAH,0.0,0.0,0.0,0.0,0.0,1.0,0.0,0.0,0.0,0.0,0.0,-1.484039655725956,0.3606528687657486,-0.351205686671077,0.1242625167378628,0.0
CARR,0.0,0.0,0.0,0.0,0.0,0.0,1.0,0.0,0.0,0.0,0.0,0.6752952025927449,-0.2976239995165232,-0.2151689304716855,-0.0225733105445771,0.0
CASY,0.0,0.0,1.0,0.0,0.0,0.0,0.0,0.0,0.0,0.0,0.0,-1.3643084317977272,0.5459252726453134,0.5404934896349703,0.1358344258538373,0.0
CAT,0.0,0.0,0.0,0.0,0.0,0.0,1.0,0.0,0.0,0.0,0.0,0.9925223299559508,1.271347279839051,1.0500824233626769,0.0812487422447746,0.0
CB,0.0,0.0,0.0,0.0,1.0,0.0,0.0,0.0,0.0,0.0,0.0,-1.254340436884224,0.1305622811582103,-0.214439008828706,-0.724358974423381,0.0
CBOE,0.0,0.0,0.0,0.0,1.0,0.0,0.0,0.0,0.0,0.0,0.0,-1.9713886135172067,-0.2162740705474675,-0.2563147538072215,0.3766739797189636,0.0
CBRE,0.0,0.0,0.0,0.0,0.0,0.0,0.0,0.0,0.0,1.0,0.0,0.6815657493753114,-0.4413336661610427,-0.6840481475334874,-0.1364029698796505,0.0
CCI,0.0,0.0,0.0,0.0,0.0,0.0,0.0,0.0,0.0,1.0,0.0,-0.7192573472002572,-0.6562628902018336,-0.4830983736637048,-0.4756412146484507,0.0
CCL,0.0,1.0,0.0,0.0,0.0,0.0,0.0,0.0,0.0,0.0,0.0,2.3800287902630655,-0.4644633681915052,-0.1692159289584108,0.2909837092844674,0.0
CDNS,0.0,0.0,0.0,0.0,0.0,0.0,0.0,1.0,0.0,0.0,0.0,0.7982600588579322,-0.249857296658391,1.21461959519594,0.037721514461586,0.0
CDW,0.0,0.0,0.0,0.0,0.0,0.0,0.0,1.0,0.0,0.0,0.0,0.4231707398692478,-0.5740554102498947,0.3426777826459506,1.1956106662059371,0.0
CEG,0.0,0.0,0.0,0.0,0.0,0.0,0.0,0.0,0.0,0.0,1.0,-0.0637148382389389,-0.6882553696837354,1.1837145603346453,0.9218268970668638,0.0
CF,0.0,0.0,0.0,0.0,0.0,0.0,0.0,0.0,1.0,0.0,0.0,-2.4878614169625526,0.0480252941613663,-0.6908661437133007,1.2862002124323235,0.0
CFG,0.0,0.0,0.0,0.0,1.0,0.0,0.0,0.0,0.0,0.0,0.0,0.7715326330150709,0.2942640699332332,-0.517878110153623,-0.7820282859948481,0.0
CHD,0.0,0.0,1.0,0.0,0.0,0.0,0.0,0.0,0.0,0.0,0.0,-0.8833227537300702,-0.2363201864836783,-1.090934501423231,-0.9179665079202808,0.0
CHRW,0.0,0.0,0.0,0.0,0.0,0.0,1.0,0.0,0.0,0.0,0.0,-0.0165032504880177,0.5471414097335796,0.3419388182831014,0.9511094855309418,0.0
CHTR,1.0,0.0,0.0,0.0,0.0,0.0,0.0,0.0,0.0,0.0,0.0,0.5795477368758775,-0.963506257634369,0.5619028938530937,0.9827541414782774,0.0
CI,0.0,0.0,0.0,0.0,0.0,1.0,0.0,0.0,0.0,0.0,0.0,-0.5027847768428033,-0.2129370245663187,-0.3443703440820683,-0.007927997213912,0.0
CIEN,0.0,0.0,0.0,0.0,0.0,0.0,0.0,1.0,0.0,0.0,0.0,1.6265054571187374,4.7018175734640995,0.3638780168313683,2.7256791685586363,0.0
CINF,0.0,0.0,0.0,0.0,1.0,0.0,0.0,0.0,0.0,0.0,0.0,-0.6879007611719243,-0.0269082722073772,-0.0085828406376302,-0.6087582427411342,0.0
CL,0.0,0.0,1.0,0.0,0.0,0.0,0.0,0.0,0.0,0.0,0.0,-1.0878752570514163,-0.1437307390248448,-0.2889260863038332,-1.0776175198707814,0.0
CLX,0.0,0.0,1.0,0.0,0.0,0.0,0.0,0.0,0.0,0.0,0.0,-0.6362528238030715,-0.6359188272364841,-0.9095972156103932,-0.5601826510024086,0.0
CMCSA,1.0,0.0,0.0,0.0,0.0,0.0,0.0,0.0,0.0,0.0,0.0,-0.625080291934093,-0.677920595253747,1.0790267996897445,-0.1985928951914149,0.0
CME,0.0,0.0,0.0,0.0,1.0,0.0,0.0,0.0,0.0,0.0,0.0,-1.8678689732800349,-0.4752881019534788,1.2132722102367863,-0.2358251714167948,0.0
CMG,0.0,1.0,0.0,0.0,0.0,0.0,0.0,0.0,0.0,0.0,0.0,0.5025979849806749,-0.5889889295947204,0.0381741281819366,0.4221273466265649,0.0
CMI,0.0,0.0,0.0,0.0,0.0,0.0,1.0,0.0,0.0,0.0,0.0,0.7334381687214255,0.7420854235457719,-0.0906949428003554,-0.0706035529753499,0.0
CMS,0.0,0.0,0.0,0.0,0.0,0.0,0.0,0.0,0.0,0.0,1.0,-1.2833274307099378,-0.2661993647730593,-0.7611028099437528,-1.4713947182719491,0.0
CNC,0.0,0.0,0.0,0.0,0.0,1.0,0.0,0.0,0.0,0.0,0.0,0.1529813672213362,1.8373825525624503,-0.5054082700893537,1.4921017597138784,0.0
CNP,0.0,0.0,0.0,0.0,0.0,0.0,0.0,0.0,0.0,0.0,1.0,-1.2186416287844626,-0.1272055150542322,-0.7235021639615532,-1.30291103558785,0.0
COF,0.0,0.0,0.0,0.0,1.0,0.0,0.0,0.0,0.0,0.0,0.0,1.0876303970973955,-0.4288120125525876,0.2724796930454003,-0.5470181086991355,0.0
COHR,0.0,0.0,0.0,0.0,0.0,0.0,0.0,1.0,0.0,0.0,0.0,1.636922223152494,2.394715935892862,0.8052001954599667,3.1689995215447584,0.0
COIN,0.0,0.0,0.0,0.0,1.0,0.0,0.0,0.0,0.0,0.0,0.0,3.020172762066913,-0.9191862790295268,1.365165848923982,2.5228915758178903,0.0
COO,0.0,0.0,0.0,0.0,0.0,1.0,0.0,0.0,0.0,0.0,0.0,0.4770615261328033,-0.2898831762866766,-0.0320260197593559,-0.1787417504371426,0.0
COP,0.0,0.0,0.0,1.0,0.0,0.0,0.0,0.0,0.0,0.0,0.0,-1.7214947095159423,-0.0498891837422491,0.3883658731642216,-1.1542419384925124,0.0
COR,0.0,0.0,0.0,0.0,0.0,1.0,0.0,0.0,0.0,0.0,0.0,-1.3908233723512824,-0.2208971761985224,-0.3681059888788476,0.1335351282075312,0.0
COST,0.0,0.0,1.0,0.0,0.0,0.0,0.0,0.0,0.0,0.0,0.0,-1.3310921961048958,-0.3041470318194393,1.969524441354776,-0.9992590605452512,0.0
CPAY,0.0,0.0,0.0,0.0,1.0,0.0,0.0,0.0,0.0,0.0,0.0,0.9674050130824126,-0.2060992584536762,-0.945783477070499,0.0677375412760445,0.0
CPRT,0.0,0.0,0.0,0.0,0.0,0.0,1.0,0.0,0.0,0.0,0.0,-0.0007315823632172,-0.8105686482770884,0.4695491443735202,-0.0997921972451883,0.0
CPT,0.0,0.0,0.0,0.0,0.0,0.0,0.0,0.0,0.0,1.0,0.0,-0.5177885472084985,-0.2237165150095337,-1.5550662121353656,-1.321651218089576,0.0
CRH,0.0,0.0,0.0,0.0,0.0,0.0,0.0,0.0,1.0,0.0,0.0,1.0662265062360623,-0.2330096989542901,-0.3118455433679071,-0.0925383295517149,0.0
CRL,0.0,0.0,0.0,0.0,0.0,1.0,0.0,0.0,0.0,0.0,0.0,1.5569865668061786,0.1276711539516835,-1.023420122360875,0.9168106790622248,0.0
CRM,0.0,0.0,0.0,0.0,0.0,0.0,0.0,1.0,0.0,0.0,0.0,-0.149545042303799,-0.7397327293655213,0.8958492178086471,0.9295070924956472,0.0
CRWD,0.0,0.0,0.0,0.0,0.0,0.0,0.0,1.0,0.0,0.0,0.0,0.5946479158323512,0.6325697898005509,1.728512961936546,1.1011291169987865,0.0
CSCO,0.0,0.0,0.0,0.0,0.0,0.0,0.0,1.0,0.0,0.0,0.0,-0.5058693984735905,0.6068430054148356,2.1661762572656262,0.5627494881660469,0.0
CSGP,0.0,0.0,0.0,0.0,0.0,0.0,0.0,0.0,0.0,1.0,0.0,-0.4925926325881504,-1.2250398578343853,0.2088007787629991,0.8760498878006512,0.0
CSX,0.0,0.0,0.0,0.0,0.0,0.0,1.0,0.0,0.0,0.0,0.0,-0.4846638721303865,0.1838683010060761,1.0265741326712123,-0.6120933055554043,0.0
CTAS,0.0,0.0,0.0,0.0,0.0,0.0,1.0,0.0,0.0,0.0,0.0,-0.471680206266033,-0.5561024385691199,0.7100448314693435,-0.4409198522333925,0.0
CTSH,0.0,0.0,0.0,0.0,0.0,0.0,0.0,1.0,0.0,0.0,0.0,0.0259558332522697,-0.8240993111944531,0.7482706923208452,1.2506510430868003,0.0
CTVA,0.0,0.0,0.0,0.0,0.0,0.0,0.0,0.0,1.0,0.0,0.0,-0.7665078629660034,-0.0782321198260606,-0.5551954106246862,-0.2405640047680385,0.0
CVNA,0.0,1.0,0.0,0.0,0.0,0.0,0.0,0.0,0.0,0.0,0.0,1.8352302537033272,-0.3432017671669823,0.0536543553771129,2.1375055312934297,0.0
CVS,0.0,0.0,0.0,0.0,0.0,1.0,0.0,0.0,0.0,0.0,0.0,-0.8949224598341335,0.5512666452409694,0.0884129805997763,-0.1111307491131428,0.0
CVX,0.0,0.0,0.0,1.0,0.0,0.0,0.0,0.0,0.0,0.0,0.0,-1.9058636054560816,-0.0994851013195135,0.911241418906366,-1.2741041826021609,0.0
D,0.0,0.0,0.0,0.0,0.0,0.0,0.0,0.0,0.0,0.0,1.0,-1.015552155678485,-0.1092721831273046,-0.3460711217523455,-1.1374612432652835,0.0
DAL,0.0,0.0,0.0,0.0,0.0,0.0,1.0,0.0,0.0,0.0,0.0,1.7818396702760388,0.5576593691349039,0.0063255708296352,0.2145306122961391,0.0
DASH,0.0,1.0,0.0,0.0,0.0,0.0,0.0,0.0,0.0,0.0,0.0,0.7193953379446149,-0.6502092178171409,1.1245900751934197,1.4772834790602525,0.0
DD,0.0,0.0,0.0,0.0,0.0,0.0,1.0,0.0,0.0,0.0,0.0,0.8520475354541648,0.3323517479239518,-0.903767117827574,-0.3290401210380113,0.0
DDOG,0.0,0.0,0.0,0.0,0.0,0.0,0.0,1.0,0.0,0.0,0.0,-0.0955064701226019,0.9827020101632042,1.4251924808434973,2.490738151108,0.0
DE,0.0,0.0,0.0,0.0,0.0,0.0,1.0,0.0,0.0,0.0,0.0,-0.0064624714406737,-0.0763227448448031,-0.0929841417028644,-0.309371836366122,0.0
DECK,0.0,1.0,0.0,0.0,0.0,0.0,0.0,0.0,0.0,0.0,0.0,1.1565091807948318,-0.3423592068162407,-0.9862377041634972,0.3843377421024642,0.0
DELL,0.0,0.0,0.0,0.0,0.0,0.0,0.0,1.0,0.0,0.0,0.0,1.5881219237167032,2.9175300555939603,0.9139063044723696,2.6345375433737925,0.0
DG,0.0,0.0,1.0,0.0,0.0,0.0,0.0,0.0,0.0,0.0,0.0,0.1290480639985914,-0.2498429083730448,-0.5631799356894606,0.2038661811528921,0.0
DGX,0.0,0.0,0.0,0.0,0.0,1.0,0.0,0.0,0.0,0.0,0.0,-0.950843853950628,-0.0352142302017027,-1.1224134151050629,-0.4591637606792262,0.0
DHI,0.0,1.0,0.0,0.0,0.0,0.0,0.0,0.0,0.0,0.0,0.0,1.3347819223885344,-0.3524740360172242,-0.5885945418675693,-0.247373673437812,0.0
DHR,0.0,0.0,0.0,0.0,0.0,1.0,0.0,0.0,0.0,0.0,0.0,0.1869129872520558,-0.3594312267504162,0.1162558190946128,-0.4147379854875749,0.0
DIS,1.0,0.0,0.0,0.0,0.0,0.0,0.0,0.0,0.0,0.0,0.0,0.0920969930781537,-0.545842882108622,0.3642268464203593,-0.6520213548513222,0.0
DLR,0.0,0.0,0.0,0.0,0.0,0.0,0.0,0.0,0.0,1.0,0.0,-0.3258475267114117,-0.2695417658370846,-0.3208379562035923,-0.5197939675535832,0.0
DLTR,0.0,0.0,1.0,0.0,0.0,0.0,0.0,0.0,0.0,0.0,0.0,0.7923646194882523,-0.2182249225619136,0.5444087569429203,0.6104727825992088,0.0
DOC,0.0,0.0,0.0,0.0,0.0,0.0,0.0,0.0,0.0,1.0,0.0,-0.2711968133442781,0.0512396924186501,-1.4295362953846962,-0.5717406525657445,0.0
DOV,0.0,0.0,0.0,0.0,0.0,0.0,1.0,0.0,0.0,0.0,0.0,0.4428027048903443,-0.0417127764209713,-0.9832109411233784,-0.7574350155021797,0.0
DOW,0.0,0.0,0.0,0.0,0.0,0.0,0.0,0.0,1.0,0.0,0.0,-0.094087114281299,0.0996495231668571,-0.4084931863834327,0.8346934515511083,0.0
DPZ,0.0,1.0,0.0,0.0,0.0,0.0,0.0,0.0,0.0,0.0,0.0,-0.5571898860818415,-0.7316808606623049,0.2424186754440426,-0.2779597125454542,0.0
DRI,0.0,1.0,0.0,0.0,0.0,0.0,0.0,0.0,0.0,0.0,0.0,-0.4892805144270227,-0.3229610937672397,-0.8213966218214349,-0.3924670484411763,0.0
DTE,0.0,0.0,0.0,0.0,0.0,0.0,0.0,0.0,0.0,0.0,1.0,-1.2388275260460888,-0.1962874101941759,-1.0846706553741443,-1.5011799359749989,0.0
DUK,0.0,0.0,0.0,0.0,0.0,0.0,0.0,0.0,0.0,0.0,1.0,-1.6122175492027375,-0.2780793588529862,-0.1676699480433182,-1.5234756642722878,0.0
DVA,0.0,0.0,0.0,0.0,0.0,1.0,0.0,0.0,0.0,0.0,0.0,-0.6612524133844535,0.6198086274605327,-1.19652768555374,0.7898521885632521,0.0
DVN,0.0,0.0,0.0,1.0,0.0,0.0,0.0,0.0,0.0,0.0,0.0,-1.8110952400867797,0.1523072132277258,-0.0001504895224228,-0.7898892339798926,0.0
DXCM,0.0,0.0,0.0,0.0,0.0,1.0,0.0,0.0,0.0,0.0,0.0,0.4779237126553975,-0.3311391161955183,0.6799078713432911,0.5066271215453048,0.0
EBAY,0.0,1.0,0.0,0.0,0.0,0.0,0.0,0.0,0.0,0.0,0.0,0.071988100791774,0.0502411827305642,0.8327195913920054,0.3474824022312896,0.0
ECHO,1.0,0.0,0.0,0.0,0.0,0.0,0.0,0.0,0.0,0.0,0.0,0.0,0.0,0.6873224878691233,0.0,0.0
ECL,0.0,0.0,0.0,0.0,0.0,0.0,0.0,0.0,1.0,0.0,0.0,0.1518050726653085,-0.2692760891288422,-0.5387776149298754,-1.0001617096009034,0.0
ED,0.0,0.0,0.0,0.0,0.0,0.0,0.0,0.0,0.0,0.0,1.0,-1.765671929205926,-0.2081885989988658,-0.8660570858949116,-1.2493163923787949,0.0
EFX,0.0,0.0,0.0,0.0,0.0,0.0,1.0,0.0,0.0,0.0,0.0,0.5974790410786741,-0.6986849797677457,-0.6518459887392954,0.4563855408200578,0.0
EG,0.0,0.0,0.0,0.0,1.0,0.0,0.0,0.0,0.0,0.0,0.0,-0.7576210218405468,-0.1267627041145213,-1.4130620745533635,-0.6114515713236881,0.0
EIX,0.0,0.0,0.0,0.0,0.0,0.0,0.0,0.0,0.0,0.0,1.0,-0.8389647283180216,0.1696969496927652,-1.125745809183046,-0.8614332366996735,0.0
EL,0.0,0.0,1.0,0.0,0.0,0.0,0.0,0.0,0.0,0.0,0.0,1.5891711645613469,-0.4303826925308134,-0.6927174378062411,1.2473773154376464,0.0
ELV,0.0,0.0,0.0,0.0,0.0,1.0,0.0,0.0,0.0,0.0,0.0,-0.4671645736627309,0.3609140196425786,-0.1953339439018581,0.2927332653813558,0.0
EME,0.0,0.0,0.0,0.0,0.0,0.0,1.0,0.0,0.0,0.0,0.0,0.5327881546164314,-0.0027138002925871,-0.5701534606435591,0.959816345611139,0.0
EMR,0.0,0.0,0.0,0.0,0.0,0.0,1.0,0.0,0.0,0.0,0.0,1.276732039647824,-0.3358170545412505,-0.3145553090634001,-0.4554454901805989,0.0
EOG,0.0,0.0,0.0,1.0,0.0,0.0,0.0,0.0,0.0,0.0,0.0,-2.0141469122131337,-0.0769509950574376,-0.1491283037644723,-1.1272913108887948,0.0
EQIX,0.0,0.0,0.0,0.0,0.0,0.0,0.0,0.0,0.0,1.0,0.0,-0.3387938487406675,0.1083270329664807,0.9699900396157956,-0.4786420025608784,0.0
EQR,0.0,0.0,0.0,0.0,0.0,0.0,0.0,0.0,0.0,1.0,0.0,-0.677936678690462,-0.1989317996929504,-0.8643748615022934,-1.2196892023863413,0.0
EQT,0.0,0.0,0.0,1.0,0.0,0.0,0.0,0.0,0.0,0.0,0.0,-1.191528674827235,-0.3169936855343356,-0.3805462062163985,-0.2013014961189559,0.0
ERIE,0.0,0.0,0.0,0.0,1.0,0.0,0.0,0.0,0.0,0.0,0.0,-0.7751471992213712,-0.7036429920203932,-0.8709116097539967,0.5689195929911688,0.0
ES,0.0,0.0,0.0,0.0,0.0,0.0,0.0,0.0,0.0,0.0,1.0,-0.7503311545850246,-0.1422805840918121,-0.99190830023921,-0.7527402268279378,0.0
ESS,0.0,0.0,0.0,0.0,0.0,0.0,0.0,0.0,0.0,1.0,0.0,-0.5466446210863053,-0.1279939949850735,-1.3766287941405753,-1.2281597968962616,0.0
ETN,0.0,0.0,0.0,0.0,0.0,0.0,1.0,0.0,0.0,0.0,0.0,0.4826289568390819,-0.1513485733514272,0.2618131803771247,0.0685710273252893,0.0
ETR,0.0,0.0,0.0,0.0,0.0,0.0,0.0,0.0,0.0,0.0,1.0,-0.8983480340539519,0.0608988234725096,-0.647396739311038,-1.2985324889261831,0.0
EVRG,0.0,0.0,0.0,0.0,0.0,0.0,0.0,0.0,0.0,0.0,1.0,-1.2445009163515082,-0.0581152530322038,0.1180018847737753,-1.3838138760648713,0.0
EW,0.0,0.0,0.0,0.0,0.0,1.0,0.0,0.0,0.0,0.0,0.0,-0.7115926755361512,-0.0420291979364709,-0.2839684092026923,-0.4547006561403469,0.0
EXC,0.0,0.0,0.0,0.0,0.0,0.0,0.0,0.0,0.0,0.0,1.0,-1.478572010503966,-0.2252895240144781,0.7455639575692602,-1.2576266012958643,0.0
EXE,0.0,0.0,0.0,1.0,0.0,0.0,0.0,0.0,0.0,0.0,0.0,-1.5293584136469816,-0.4361603202719512,0.5156434614255527,-0.2164221017619101,0.0
EXPD,0.0,0.0,0.0,0.0,0.0,0.0,1.0,0.0,0.0,0.0,0.0,0.0180396531733428,0.243239062943889,-1.0455203837823444,-0.0199316070616107,0.0
EXPE,0.0,1.0,0.0,0.0,0.0,0.0,0.0,0.0,0.0,0.0,0.0,1.3478420110960982,0.2820867960866245,0.6720907072400586,1.412963752576405,0.0
EXR,0.0,0.0,0.0,0.0,0.0,0.0,0.0,0.0,0.0,1.0,0.0,-0.0968770303358175,-0.254858735440074,-1.2997104155831565,-1.1660445496007954,0.0
F,0.0,1.0,0.0,0.0,0.0,0.0,0.0,0.0,0.0,0.0,0.0,0.6756804622944922,-0.0124025705217785,-0.3787931880887275,0.1580575476810743,0.0
FANG,0.0,0.0,0.0,1.0,0.0,0.0,0.0,0.0,0.0,0.0,0.0,-1.7817397072418355,0.0759610622282454,0.7320793898057287,-0.7382438472638793,0.0
FAST,0.0,0.0,0.0,0.0,0.0,0.0,1.0,0.0,0.0,0.0,0.0,-0.1706402385276781,-0.2739291693901713,0.6409674203183703,-0.4372520792533571,0.0
FCX,0.0,0.0,0.0,0.0,0.0,0.0,0.0,0.0,1.0,0.0,0.0,1.811626192551951,0.2940746746219,0.3179936396049744,1.1376290643119162,0.0
FDS,0.0,0.0,0.0,0.0,1.0,0.0,0.0,0.0,0.0,0.0,0.0,-0.0548492524262446,-0.7801249465936798,-0.8927081671031835,0.97583081041161,0.0
FDX,0.0,0.0,0.0,0.0,0.0,0.0,1.0,0.0,0.0,0.0,0.0,0.8077409339591727,0.2309894047278964,-0.2528329494745544,0.2747471676150065,0.0
FDXF,0.0,0.0,0.0,0.0,0.0,0.0,1.0,0.0,0.0,0.0,0.0,0.0,0.0,-0.9781463135697708,0.0,0.0
FE,0.0,0.0,0.0,0.0,0.0,0.0,0.0,0.0,0.0,0.0,1.0,-1.4447589967311762,-0.1620733151391476,-0.9699478606664592,-1.3574747751282747,0.0
FERG,0.0,0.0,0.0,0.0,0.0,0.0,1.0,0.0,0.0,0.0,0.0,0.5920731125367613,-0.3291387666269644,-0.6539756979872734,-0.2782314065182981,0.0
FFIV,0.0,0.0,0.0,0.0,0.0,0.0,0.0,1.0,0.0,0.0,0.0,0.3882519897901651,0.113117252943711,0.2964967731315775,0.3058747272119173,0.0
FICO,0.0,0.0,0.0,0.0,0.0,0.0,0.0,1.0,0.0,0.0,0.0,0.4823394304314911,-0.3757982698388866,-0.4911388527018264,2.0939989581972043,0.0
FIS,0.0,0.0,0.0,0.0,1.0,0.0,0.0,0.0,0.0,0.0,0.0,-0.213236476139464,-0.8825702854103817,-0.5716430707189679,-0.1341406252782112,0.0
FISV,0.0,0.0,0.0,0.0,1.0,0.0,0.0,0.0,0.0,0.0,0.0,0.4184756504734429,-0.5784408621152243,0.501072508891172,0.1774050677314862,0.0
FITB,0.0,0.0,0.0,0.0,1.0,0.0,0.0,0.0,0.0,0.0,0.0,0.7077277146442358,0.1607108429598563,-0.0215251268253028,-0.7376364185299322,0.0
FIX,0.0,0.0,0.0,0.0,0.0,0.0,1.0,0.0,0.0,0.0,0.0,1.3139216878322764,1.592570027277151,0.2249590002440035,1.7788862065418207,0.0
FLEX,0.0,0.0,0.0,0.0,0.0,0.0,0.0,1.0,0.0,0.0,0.0,1.810664237642108,1.8639224806673451,1.092366693177928,1.6877782711770004,0.0
FOX,1.0,0.0,0.0,0.0,0.0,0.0,0.0,0.0,0.0,0.0,0.0,-0.7025315558777647,-0.35600225796733,-0.503020348607325,-0.1431376325935238,0.0
FOXA,1.0,0.0,0.0,0.0,0.0,0.0,0.0,0.0,0.0,0.0,0.0,-0.5308467186764858,-0.345441802932469,0.3299653319096463,0.1739315956553384,0.0
FRT,0.0,0.0,0.0,0.0,0.0,0.0,0.0,0.0,0.0,1.0,0.0,-0.6814391085415181,0.0816007421060489,-1.598287258597508,-1.252228850809611,0.0
FSLR,0.0,0.0,0.0,0.0,0.0,0.0,0.0,1.0,0.0,0.0,0.0,0.7671289426559615,-0.0301128877671961,0.7508365735937256,1.5196091905123947,0.0
FTNT,0.0,0.0,0.0,0.0,0.0,0.0,0.0,1.0,0.0,0.0,0.0,-0.3991130526157715,0.5132914438836512,1.3369876629107624,1.329672727177588,0.0
FTV,0.0,0.0,0.0,0.0,0.0,0.0,1.0,0.0,0.0,0.0,0.0,0.3423046494295477,0.0171687001909231,-0.8576020828273119,-0.5203877215246059,0.0
GD,0.0,0.0,0.0,0.0,0.0,0.0,1.0,0.0,0.0,0.0,0.0,-0.4072028108012132,-0.045833364621078,-0.5902361743283308,-0.7186988372528775,0.0
GDDY,0.0,0.0,0.0,0.0,0.0,0.0,0.0,1.0,0.0,0.0,0.0,0.1837988537745511,-0.8795278845945681,-0.8994814682075084,1.5361055373270889,0.0
GE,0.0,0.0,0.0,0.0,0.0,0.0,1.0,0.0,0.0,0.0,0.0,0.3604537702858967,0.1054438296036945,0.6330160522029245,-0.3068178302920959,0.0
GEHC,0.0,0.0,0.0,0.0,0.0,1.0,0.0,0.0,0.0,0.0,0.0,0.6325390031273969,-0.4120187370969218,0.4582867275914566,-0.1291203603066791,0.0
GEN,0.0,0.0,0.0,0.0,0.0,0.0,0.0,1.0,0.0,0.0,0.0,0.0500765362350882,-0.4274704136644553,0.0195763778087916,0.7473056836718094,0.0
GEV,0.0,0.0,0.0,0.0,0.0,0.0,1.0,0.0,0.0,0.0,0.0,0.5924030335266375,0.5642151837674194,1.012066605839967,1.437840699473858,0.0
GILD,0.0,0.0,0.0,0.0,0.0,1.0,0.0,0.0,0.0,0.0,0.0,-0.634718675915595,-0.0382845522857145,1.402789440891667,-0.3339051135969924,0.0
GIS,0.0,0.0,1.0,0.0,0.0,0.0,0.0,0.0,0.0,0.0,0.0,-1.0171489889781198,-0.6444940592067501,-0.5007826078246043,-0.8605006052893195,0.0
GL,0.0,0.0,0.0,0.0,1.0,0.0,0.0,0.0,0.0,0.0,0.0,-0.7370694355193874,0.0556763245615258,-1.5102568100759413,-0.7187444500389625,0.0
GLW,0.0,0.0,0.0,0.0,0.0,0.0,0.0,1.0,0.0,0.0,0.0,1.516602188948594,2.2989340316328857,0.8981047069574062,2.428393506149013,0.0
GM,0.0,1.0,0.0,0.0,0.0,0.0,0.0,0.0,0.0,0.0,0.0,0.5630112932849184,0.2938510000380993,0.0925739558482509,-0.1550511853128455,0.0
GNRC,0.0,0.0,0.0,0.0,0.0,0.0,1.0,0.0,0.0,0.0,0.0,1.491918445810796,-0.0294056839353747,-0.7069512295103202,1.4851772430085,0.0
GOOG,1.0,0.0,0.0,0.0,0.0,0.0,0.0,0.0,0.0,0.0,0.0,-0.2333686721801894,0.8145674969990871,2.8041067038101564,0.0671571910651159,0.0
GOOGL,1.0,0.0,0.0,0.0,0.0,0.0,0.0,0.0,0.0,0.0,0.0,-0.1976345552310287,0.846573554130648,3.0682946495366026,0.1076896259322898,1.0
GPC,0.0,1.0,0.0,0.0,0.0,0.0,0.0,0.0,0.0,0.0,0.0,0.6604643711129897,-0.3796855683358954,-1.1102423905889025,-0.0313234308853181,0.0
GPN,0.0,0.0,0.0,0.0,1.0,0.0,0.0,0.0,0.0,0.0,0.0,1.039728732903849,-0.3923629685272154,-0.8753306133074124,0.3371465000851922,0.0
GRMN,0.0,1.0,0.0,0.0,0.0,0.0,0.0,0.0,0.0,0.0,0.0,0.5516063160489445,-0.1985391819280723,-1.0599350130927232,-0.2059755563260071,0.0
GS,0.0,0.0,0.0,0.0,1.0,0.0,0.0,0.0,0.0,0.0,0.0,0.6697314151509993,0.2642267292599427,0.9291306122926912,-0.2019248864919781,0.0
GWW,0.0,0.0,0.0,0.0,0.0,0.0,1.0,0.0,0.0,0.0,0.0,-0.1924174568378745,0.2854446734321441,-0.3372737707342801,-0.732290654457743,0.0
HAL,0.0,0.0,0.0,1.0,0.0,0.0,0.0,0.0,0.0,0.0,0.0,-0.780395449950222,0.5097614364237457,-0.4287175240990464,-0.4270163357013362,0.0
HAS,0.0,1.0,0.0,0.0,0.0,0.0,0.0,0.0,0.0,0.0,0.0,0.4515440300628272,-0.3205853130479651,-0.0648029432312579,-0.1855176134502481,0.0
HBAN,0.0,0.0,0.0,0.0,1.0,0.0,0.0,0.0,0.0,0.0,0.0,0.6022901076816338,-0.1995195843735966,0.4325374407245697,-0.8481808419705088,0.0
HCA,0.0,0.0,0.0,0.0,0.0,1.0,0.0,0.0,0.0,0.0,0.0,-0.8108454859508295,-0.1160708928257855,-0.1201906395412947,-0.1321860980057091,0.0
HD,0.0,1.0,0.0,0.0,0.0,0.0,0.0,0.0,0.0,0.0,0.0,0.386091497363631,-0.4730971428979769,0.5985800228165319,-1.0474945041601798,0.0
HIG,0.0,0.0,0.0,0.0,1.0,0.0,0.0,0.0,0.0,0.0,0.0,-0.8397520871109434,-0.1850805989163141,-0.8509870583701922,-0.940381050865209,0.0
HII,0.0,0.0,0.0,0.0,0.0,0.0,1.0,0.0,0.0,0.0,0.0,0.173354320896418,-0.2099327650592975,-1.3540033662464468,0.547851882162151,0.0
HLT,0.0,1.0,0.0,0.0,0.0,0.0,0.0,0.0,0.0,0.0,0.0,-0.13838799282035,0.0892716445880978,-0.159847256536215,-0.8172916489902586,0.0
HON,0.0,0.0,0.0,0.0,0.0,0.0,1.0,0.0,0.0,0.0,0.0,0.0891145736920901,-0.2978342247421004,1.4074521419445187,-0.7363134606850112,0.0
HONA,0.0,0.0,0.0,0.0,0.0,0.0,1.0,0.0,0.0,0.0,0.0,0.0,0.0,0.9317636618871642,0.0,0.0
HOOD,0.0,0.0,0.0,0.0,1.0,0.0,0.0,0.0,0.0,0.0,0.0,2.6150483128483777,-0.1912014032686489,1.764787309706805,3.0384426858944473,0.0
HPE,0.0,0.0,0.0,0.0,0.0,0.0,0.0,1.0,0.0,0.0,0.0,1.1189468077517049,1.395531933550912,0.3028955370140485,2.000374383597237,0.0
HPQ,0.0,0.0,0.0,0.0,0.0,0.0,0.0,1.0,0.0,0.0,0.0,0.5735026428783949,-0.3804957095932288,-0.4163378939140579,1.004464586733769,0.0
HRL,0.0,0.0,1.0,0.0,0.0,0.0,0.0,0.0,0.0,0.0,0.0,-0.7868787700697673,-0.4835620702325425,-1.5207199055379166,-0.3670456427935404,0.0
HSIC,0.0,0.0,0.0,0.0,0.0,1.0,0.0,0.0,0.0,0.0,0.0,0.0470216969763073,0.1086516902941334,-0.3627454750237903,-0.5163379393954726,0.0
HST,0.0,0.0,0.0,0.0,0.0,0.0,0.0,0.0,0.0,1.0,0.0,0.2782885358468129,0.3327128037906768,0.2266930364738837,-0.5467472718381651,0.0
HSY,0.0,0.0,1.0,0.0,0.0,0.0,0.0,0.0,0.0,0.0,0.0,-1.0090815828062485,-0.3965023859416575,-0.4391991645004197,-0.4701445248274327,0.0
HUBB,0.0,0.0,0.0,0.0,0.0,0.0,1.0,0.0,0.0,0.0,0.0,0.32367602933434,-0.1383924093267244,-0.5088537764344349,-0.2919675704370567,0.0
HUM,0.0,0.0,0.0,0.0,0.0,1.0,0.0,0.0,0.0,0.0,0.0,0.1578722728717422,0.4381407684492489,-0.2563477659814678,1.1802200305662844,0.0
HWM,0.0,0.0,0.0,0.0,0.0,0.0,1.0,0.0,0.0,0.0,0.0,0.1738022296727055,0.3694470062713913,-0.1821419570306699,-0.3238719261380246,0.0
IBKR,0.0,0.0,0.0,0.0,1.0,0.0,0.0,0.0,0.0,0.0,0.0,1.0147749827159218,0.3206497252224259,0.7490854303219172,0.3809698940032749,0.0
IBM,0.0,0.0,0.0,0.0,0.0,0.0,0.0,1.0,0.0,0.0,0.0,0.6952593272974341,-0.0308187032629562,0.6581066627720822,1.402374762917365,0.0
ICE,0.0,0.0,0.0,0.0,1.0,0.0,0.0,0.0,0.0,0.0,0.0,-0.6570571628628168,-0.6641047361716683,-0.1938737581173066,-0.711659957978561,0.0
IDXX,0.0,0.0,0.0,0.0,0.0,1.0,0.0,0.0,0.0,0.0,0.0,0.5291333247099053,-0.4861966908435445,0.53054493174367,-0.2384678059972667,0.0
IEX,0.0,0.0,0.0,0.0,0.0,0.0,1.0,0.0,0.0,0.0,0.0,0.2187587770560393,0.1614991722664923,-1.240549388103447,-0.9861458216809896,0.0
IFF,0.0,0.0,0.0,0.0,0.0,0.0,0.0,0.0,1.0,0.0,0.0,0.3903613315280214,-0.1961977552916183,-1.1645524391474988,-0.0459439542041654,0.0
INCY,0.0,0.0,0.0,0.0,0.0,1.0,0.0,0.0,0.0,0.0,0.0,-0.3223984081671953,0.4025235542561686,0.1492905795683575,0.3594647070557837,0.0
INTC,0.0,0.0,0.0,0.0,0.0,0.0,0.0,1.0,0.0,0.0,0.0,1.310138694217272,5.640106625343521,3.0682946495366026,3.1689995215447584,0.0
INTU,0.0,0.0,0.0,0.0,0.0,0.0,0.0,1.0,0.0,0.0,0.0,-0.7352700733674848,-1.1576612966666702,1.55061576074763,1.6604279514811584,0.0
INVH,0.0,0.0,0.0,0.0,0.0,0.0,0.0,0.0,0.0,1.0,0.0,-0.4139527173948358,-0.3380132741171821,-1.3007481350098793,-1.1246215174354082,0.0
IP,0.0,0.0,0.0,0.0,0.0,0.0,0.0,0.0,1.0,0.0,0.0,1.2241738347905744,-0.5706962978533141,-0.7676099248283739,0.3879653506604451,0.0
IQV,0.0,0.0,0.0,0.0,0.0,1.0,0.0,0.0,0.0,0.0,0.0,0.8022736313228424,-0.1580702619818294,-0.6337844330943924,0.2632447353301066,0.0
IR,0.0,0.0,0.0,0.0,0.0,0.0,1.0,0.0,0.0,0.0,0.0,1.3575359001624745,-0.3183658939721364,-0.4591761711528235,-0.5462944500557348,0.0
IRM,0.0,0.0,0.0,0.0,0.0,0.0,0.0,0.0,0.0,1.0,0.0,0.4969168489483931,-0.0413902943860291,-1.0011402324201328,-0.042671334242228,0.0
ISRG,0.0,0.0,0.0,0.0,0.0,1.0,0.0,0.0,0.0,0.0,0.0,0.3595646563332426,-0.4709961274168403,1.3979221791889618,0.1682921775417617,0.0
IT,0.0,0.0,0.0,0.0,0.0,0.0,0.0,1.0,0.0,0.0,0.0,0.5160006950164024,-0.8926219493282328,-0.9145876481702168,2.0685827048654675,0.0
ITW,0.0,0.0,0.0,0.0,0.0,0.0,1.0,0.0,0.0,0.0,0.0,0.1420625526652846,-0.2534791363703607,-0.5327657611067633,-0.991266833790335,0.0
IVZ,0.0,0.0,0.0,0.0,1.0,0.0,0.0,0.0,0.0,0.0,0.0,1.1609858080752051,0.0657793119567236,-1.118753336370939,-0.1813900099129471,0.0
J,0.0,0.0,0.0,0.0,0.0,0.0,1.0,0.0,0.0,0.0,0.0,0.812598336310831,-0.4301753775528897,-1.364469189862989,-0.1705644346732041,0.0
JBHT,0.0,0.0,0.0,0.0,0.0,0.0,1.0,0.0,0.0,0.0,0.0,0.4712395966126653,0.9585417580612056,0.3123835471074906,0.1597876477733895,0.0
JBL,0.0,0.0,0.0,0.0,0.0,0.0,0.0,1.0,0.0,0.0,0.0,1.055598875937677,0.3381374127563262,-0.3749791813867312,0.1786503668245408,0.0
JCI,0.0,0.0,0.0,0.0,0.0,0.0,1.0,0.0,0.0,0.0,0.0,-0.0804740665851498,0.1516825576352922,-0.0551056148577763,-0.37573697358439,0.0
JKHY,0.0,0.0,0.0,0.0,1.0,0.0,0.0,0.0,0.0,0.0,0.0,-0.7029256042560836,-0.4671154944699908,0.0352179655993023,-0.3391574849782423,0.0
JNJ,0.0,0.0,0.0,0.0,0.0,1.0,0.0,0.0,0.0,0.0,0.0,-1.3441049412896902,0.4136319864290026,0.7055540798043924,-0.8167788218710228,0.0
JPM,0.0,0.0,0.0,0.0,1.0,0.0,0.0,0.0,0.0,0.0,0.0,0.0086423744677118,-0.1206364965403445,0.8856843419225019,-0.9888272420070916,0.0
KDP,0.0,0.0,1.0,0.0,0.0,0.0,0.0,0.0,0.0,0.0,0.0,-0.6892991211410097,-0.3948003781780431,0.7125812862322404,-0.4428882879543156,0.0
KEY,0.0,0.0,0.0,0.0,1.0,0.0,0.0,0.0,0.0,0.0,0.0,0.4663895310107804,0.0573151401552248,-0.9172247156940236,-1.0189971934374011,0.0
KEYS,0.0,0.0,0.0,0.0,0.0,0.0,0.0,1.0,0.0,0.0,0.0,0.4106091621609887,1.0033421481316696,-0.262148459915924,0.5138887785070253,0.0
KHC,0.0,0.0,1.0,0.0,0.0,0.0,0.0,0.0,0.0,0.0,0.0,-0.533890247440127,-0.4042052249149553,0.4456978862827709,-0.8287101798534193,0.0
KIM,0.0,0.0,0.0,0.0,0.0,0.0,0.0,0.0,0.0,1.0,0.0,-0.5881658780349905,-0.0772903100543055,-1.4753912654788195,-1.2843220419543462,0.0
KKR,0.0,0.0,0.0,0.0,1.0,0.0,0.0,0.0,0.0,0.0,0.0,1.5221638710317944,-0.7603916282125011,-0.3525084181949344,0.0342569615516519,0.0
KLAC,0.0,0.0,0.0,0.0,0.0,0.0,0.0,1.0,0.0,0.0,0.0,1.3410919285128218,1.5455590722934516,2.1297180516620315,1.2238093817068876,0.0
KMB,0.0,0.0,1.0,0.0,0.0,0.0,0.0,0.0,0.0,0.0,0.0,-0.8270630416502556,-0.5308378742136473,0.6647599221989013,-0.7608427708402739,0.0
KMI,0.0,0.0,0.0,1.0,0.0,0.0,0.0,0.0,0.0,0.0,0.0,-1.6096342215752175,-0.0902779244849907,-0.6433864962622327,-0.7404757613681502,0.0
KO,0.0,0.0,1.0,0.0,0.0,0.0,0.0,0.0,0.0,0.0,0.0,-1.6036792789030838,-0.0237902831582938,0.3170285329589098,-1.2859170136677784,0.0
KR,0.0,0.0,1.0,0.0,0.0,0.0,0.0,0.0,0.0,0.0,0.0,-1.8116103334061175,-0.5371026605457774,-0.2270611247625745,-0.3711614273875863,0.0
KVUE,0.0,0.0,1.0,0.0,0.0,0.0,0.0,0.0,0.0,0.0,0.0,-0.6350377580285873,-0.4509267676453252,-0.7966339705356815,-0.1440493851152787,0.0
L,0.0,0.0,0.0,0.0,1.0,0.0,0.0,0.0,0.0,0.0,0.0,-0.6396104284708517,0.0057157967737249,-1.6643300945868635,-1.097184795333796,0.0
LDOS,0.0,0.0,0.0,0.0,0.0,0.0,1.0,0.0,0.0,0.0,0.0,-0.1041637949673908,-0.8067928293204438,-1.1299942068869004,0.2799493919947247,0.0
LEN,0.0,1.0,0.0,0.0,0.0,0.0,0.0,0.0,0.0,0.0,0.0,1.313186546260857,-0.7011262961283031,-0.7791075776231906,-0.1336334257661582,0.0
LH,0.0,0.0,0.0,0.0,0.0,1.0,0.0,0.0,0.0,0.0,0.0,-0.3113697752410883,-0.2514479978841809,-1.0802559288734483,-0.7802791560045899,0.0
LHX,0.0,0.0,0.0,0.0,0.0,0.0,1.0,0.0,0.0,0.0,0.0,-0.5489588291352796,-0.2289838347707121,-0.505526799523686,-0.2894352559276928,0.0
LII,0.0,0.0,0.0,0.0,0.0,0.0,1.0,0.0,0.0,0.0,0.0,1.2892091063862028,-0.444836839379725,-0.8868463964653543,0.2567072600575047,0.0
LIN,0.0,0.0,0.0,0.0,0.0,0.0,0.0,0.0,1.0,0.0,0.0,-1.01866617311022,-0.1395493130580976,1.4812486720057216,-0.7128344943087103,0.0
LITE,0.0,0.0,0.0,0.0,0.0,0.0,0.0,1.0,0.0,0.0,0.0,1.7640716246146064,6.947576939276404,2.1285684134635887,3.1689995215447584,0.0
LLY,0.0,0.0,0.0,0.0,0.0,1.0,0.0,0.0,0.0,0.0,0.0,-0.4303430272476713,0.4899304854454474,1.0309083400337935,0.392205089432495,0.0
LMT,0.0,0.0,0.0,0.0,0.0,0.0,1.0,0.0,0.0,0.0,0.0,-1.0381409050232917,0.0096538766374493,-0.2301889345050486,-0.1437700147578737,0.0
LNT,0.0,0.0,0.0,0.0,0.0,0.0,0.0,0.0,0.0,0.0,1.0,-1.2083232359176486,-0.1101708434622582,0.1819992939751127,-1.3896327909098416,0.0
LOW,0.0,1.0,0.0,0.0,0.0,0.0,0.0,0.0,0.0,0.0,0.0,0.4173076025802326,-0.4379190004007201,-0.2765276602838646,-0.8637937966278548,0.0
LRCX,0.0,0.0,0.0,0.0,0.0,0.0,0.0,1.0,0.0,0.0,0.0,1.9785970809957991,2.990279513062074,2.374801964885669,1.3958582263415564,0.0
LULU,0.0,1.0,0.0,0.0,0.0,0.0,0.0,0.0,0.0,0.0,0.0,1.185768977412461,-0.8562343404592927,0.4502440957330347,0.4971363865166335,0.0
LUV,0.0,0.0,0.0,0.0,0.0,0.0,1.0,0.0,0.0,0.0,0.0,1.6199469388228107,0.5126404077941619,-0.6224283733375869,0.4534050837837803,0.0
LVS,0.0,1.0,0.0,0.0,0.0,0.0,0.0,0.0,0.0,0.0,0.0,-0.1983709328892125,-0.4536677712697978,-0.7769000844229326,0.1782541847073713,0.0
LYB,0.0,0.0,0.0,0.0,0.0,0.0,0.0,0.0,1.0,0.0,0.0,-0.8796834940377212,-0.2191187240292963,-0.4289664081172176,0.915059716419385,0.0
LYV,1.0,0.0,0.0,0.0,0.0,0.0,0.0,0.0,0.0,0.0,0.0,-0.2502624977163327,-0.0158123403851153,-0.5677240385364288,-0.0249522092982375,0.0
MA,0.0,0.0,0.0,0.0,1.0,0.0,0.0,0.0,0.0,0.0,0.0,-0.638835326903065,-0.4087195703564205,0.5789489677593671,-0.9445934366140738,0.0
MAA,0.0,0.0,0.0,0.0,0.0,0.0,0.0,0.0,0.0,1.0,0.0,-0.6219592651735931,-0.3472168794810454,-1.4168125140365253,-1.2615495891380877,0.0
MAR,0.0,1.0,0.0,0.0,0.0,0.0,0.0,0.0,0.0,0.0,0.0,0.2176822354891006,0.2678830079547998,0.9454997801788244,-0.6467595319764523,0.0
MAS,0.0,0.0,0.0,0.0,0.0,0.0,1.0,0.0,0.0,0.0,0.0,1.2902349142753848,-0.1975139700888491,-0.8447216074738437,-0.0719086681774257,0.0
MCD,0.0,1.0,0.0,0.0,0.0,0.0,0.0,0.0,0.0,0.0,0.0,-1.0000099521075694,-0.3988645841927936,0.3346198847004772,-0.8511889707260581,0.0
MCHP,0.0,0.0,0.0,0.0,0.0,0.0,0.0,1.0,0.0,0.0,0.0,1.7224946304646624,0.0645253997035734,1.5701638009530965,0.6285888621211707,0.0
MCK,0.0,0.0,0.0,0.0,0.0,1.0,0.0,0.0,0.0,0.0,0.0,-1.4600748812297428,-0.0959968525167065,-0.0253056293737848,0.0281931484059455,0.0
MCO,0.0,0.0,0.0,0.0,1.0,0.0,0.0,0.0,0.0,0.0,0.0,-0.1594624495274851,-0.3698784362893418,-0.4150034440331012,-0.645249077430295,0.0
MDLZ,0.0,0.0,1.0,0.0,0.0,0.0,0.0,0.0,0.0,0.0,0.0,-1.0191031982924426,-0.363696380271657,0.8378954155359023,-0.8624043048163321,0.0
MDT,0.0,0.0,0.0,0.0,0.0,1.0,0.0,0.0,0.0,0.0,0.0,-0.6539535522639862,-0.4151584810062231,0.1889538743793651,-0.8767126587323331,0.0
MET,0.0,0.0,0.0,0.0,1.0,0.0,0.0,0.0,0.0,0.0,0.0,0.0497417110619871,-0.0344825504725718,-0.6258629272703279,-1.0426890243450575,0.0
META,1.0,0.0,0.0,0.0,0.0,0.0,0.0,0.0,0.0,0.0,0.0,0.4201262102865947,-0.577990735214033,2.9387120267916007,0.2603727838899612,1.0
MGM,0.0,1.0,0.0,0.0,0.0,0.0,0.0,0.0,0.0,0.0,0.0,0.8134907468553709,0.1571207973787528,-1.0444490510953497,0.436476641237053,0.0
MKC,0.0,0.0,1.0,0.0,0.0,0.0,0.0,0.0,0.0,0.0,0.0,-1.0711516337433296,-0.6475128793190492,-1.0663405062771103,-0.3964509702908134,0.0
MLM,0.0,0.0,0.0,0.0,0.0,0.0,0.0,0.0,1.0,0.0,0.0,0.5956286692448097,-0.3830240913076363,-0.6449351453561101,-0.57797939913682,0.0
MMM,0.0,0.0,0.0,0.0,0.0,0.0,1.0,0.0,0.0,0.0,0.0,0.2669277295038878,-0.2663680976347301,-0.3107590182300631,-0.5368956748028075,0.0
MNST,0.0,0.0,1.0,0.0,0.0,0.0,0.0,0.0,0.0,0.0,0.0,-1.3901749770575005,0.5192932809500055,0.9572310277466156,-0.5663870449371458,0.0
MO,0.0,0.0,1.0,0.0,0.0,0.0,0.0,0.0,0.0,0.0,0.0,-1.6895647580771445,-0.086693975080279,-0.0862590106966628,-0.6786351133144012,0.0
MOS,0.0,0.0,0.0,0.0,0.0,0.0,0.0,0.0,1.0,0.0,0.0,-0.0424113921761684,-0.8017867371074204,-0.8094143702312304,0.8532724630622159,0.0
MPC,0.0,0.0,0.0,1.0,0.0,0.0,0.0,0.0,0.0,0.0,0.0,-1.2506607496092137,0.5890152112243877,-0.2365386367654986,-0.4912131402435307,0.0
MPWR,0.0,0.0,0.0,0.0,0.0,0.0,0.0,1.0,0.0,0.0,0.0,1.2834364143836916,0.5577878344581264,1.6851961689529191,0.7878865294503963,0.0
MRK,0.0,0.0,0.0,0.0,0.0,1.0,0.0,0.0,0.0,0.0,0.0,-0.4533378600216383,0.4396517220111159,0.4680289611225777,-0.5628373147505613,0.0
MRNA,0.0,0.0,0.0,0.0,0.0,1.0,0.0,0.0,0.0,0.0,0.0,2.12194770050376,1.9027737531910351,0.4673341715369928,2.898571193916104,0.0
MRSH,0.0,0.0,0.0,0.0,1.0,0.0,0.0,0.0,0.0,0.0,0.0,-1.2846590468154473,0.0,-0.5187672486922404,-0.2719124435601062,0.0
MRVL,0.0,0.0,0.0,0.0,0.0,0.0,0.0,1.0,0.0,0.0,0.0,1.6587130576074829,2.5126673349288433,2.6254452104956036,3.1689995215447584,0.0
MS,0.0,0.0,0.0,0.0,1.0,0.0,0.0,0.0,0.0,0.0,0.0,0.4947758013014758,0.4364470837852037,0.3072743419939522,-0.5928313468302809,0.0
MSCI,0.0,0.0,0.0,0.0,1.0,0.0,0.0,0.0,0.0,0.0,0.0,-0.5609925920816462,-0.1902776153580603,-0.5068583728687721,-0.2087370428681577,0.0
MSFT,0.0,0.0,0.0,0.0,0.0,0.0,0.0,1.0,0.0,0.0,0.0,-0.7931083801215734,-0.6652246895450554,3.0682946495366026,0.1406538800739903,1.0
MSI,0.0,0.0,0.0,0.0,0.0,0.0,0.0,1.0,0.0,0.0,0.0,-0.6978343186752728,-0.3457981584858231,-0.4014184777517952,0.3301314800442468,0.0
MTB,0.0,0.0,0.0,0.0,1.0,0.0,0.0,0.0,0.0,0.0,0.0,0.401944744070889,0.027198763918536,-0.8514653956198791,-0.9439333598635624,0.0
MTD,0.0,0.0,0.0,0.0,0.0,1.0,0.0,0.0,0.0,0.0,0.0,0.6590089629071282,-0.296153572526163,-0.790195224985067,-0.358169350461922,0.0
MU,0.0,0.0,0.0,0.0,0.0,0.0,0.0,1.0,0.0,0.0,0.0,1.9290617340990588,7.875788528125199,3.0682946495366026,3.1689995215447584,0.0
NCLH,0.0,1.0,0.0,0.0,0.0,0.0,0.0,0.0,0.0,0.0,0.0,2.3576794773886687,-0.6452698493570292,-0.5470942013623392,0.9409258842897096,0.0
NDAQ,0.0,0.0,0.0,0.0,1.0,0.0,0.0,0.0,0.0,0.0,0.0,-0.186546344366846,-0.4651127840200516,0.5095883980772901,-0.6356587646777879,0.0
NDSN,0.0,0.0,0.0,0.0,0.0,0.0,1.0,0.0,0.0,0.0,0.0,0.5899115626156602,0.1286683322875357,-0.3117002520088275,-1.1666251839171768,0.0
NEE,0.0,0.0,0.0,0.0,0.0,0.0,0.0,0.0,0.0,0.0,1.0,-0.8621396377501586,5.9743801014466745e-05,0.1823137521282571,-0.9730529932528758,0.0
NEM,0.0,0.0,0.0,0.0,0.0,0.0,0.0,0.0,1.0,0.0,0.0,0.8111253867956814,0.2067900887007198,0.1688457918058737,1.0789818366122017,0.0
NFLX,1.0,0.0,0.0,0.0,0.0,0.0,0.0,0.0,0.0,0.0,0.0,-0.8543233768760358,-0.7440754926147637,2.040248629765346,0.1946989742935908,0.0
NI,0.0,0.0,0.0,0.0,0.0,0.0,0.0,0.0,0.0,0.0,1.0,-0.9366818017882736,-0.1784239008509626,-0.937839325401394,-1.283713262323511,0.0
NKE,0.0,1.0,0.0,0.0,0.0,0.0,0.0,0.0,0.0,0.0,0.0,0.3685243804933253,-0.8626576933471608,0.1610049793585745,-0.141163379391867,0.0
NOC,0.0,0.0,0.0,0.0,0.0,0.0,1.0,0.0,0.0,0.0,0.0,-0.9588976181613836,-0.4069437930776239,-0.4147242680556898,-0.2152932745591562,0.0
NOW,0.0,0.0,0.0,0.0,0.0,0.0,0.0,1.0,0.0,0.0,0.0,0.0789338376179709,-0.8234766750474464,1.0314848580449802,1.8755189960797825,0.0
NRG,0.0,0.0,0.0,0.0,0.0,0.0,0.0,0.0,0.0,0.0,1.0,0.258955123492401,-0.5797682463854958,-0.546930615609935,1.2351445064440312,0.0
NSC,0.0,0.0,0.0,0.0,0.0,0.0,1.0,0.0,0.0,0.0,0.0,-0.666947634899859,-0.1149953751992797,-0.7597901168305876,-0.7458505602190428,0.0
NTAP,0.0,0.0,0.0,0.0,0.0,0.0,0.0,1.0,0.0,0.0,0.0,0.9645095696280231,0.5312363123204162,0.7997222550063476,0.4975451885242056,0.0
NTRS,0.0,0.0,0.0,0.0,1.0,0.0,0.0,0.0,0.0,0.0,0.0,0.1088885174359668,0.2675727492126038,0.0981851865950946,-0.5837277396592944,0.0
NUE,0.0,0.0,0.0,0.0,0.0,0.0,0.0,0.0,1.0,0.0,0.0,0.5212377112520057,0.5432944315296555,-0.5297151037025595,-0.1940351034622505,0.0
NVDA,0.0,0.0,0.0,0.0,0.0,0.0,0.0,1.0,0.0,0.0,0.0,-0.0946213790795304,-0.1002749118289825,3.0682946495366026,0.1112111754591091,1.0
NVR,0.0,1.0,0.0,0.0,0.0,0.0,0.0,0.0,0.0,0.0,0.0,0.3107744638765617,-0.5529088090549271,-1.436524595554212,-0.7274559380773542,0.0
NWS,1.0,0.0,0.0,0.0,0.0,0.0,0.0,0.0,0.0,0.0,0.0,-0.564348847662418,-0.4381018698372214,-1.0395722602590671,-0.4894291588397925,0.0
NWSA,1.0,0.0,0.0,0.0,0.0,0.0,0.0,0.0,0.0,0.0,0.0,-0.537569765545844,-0.4176224840925188,-0.2571569555818471,-0.5867326421596876,0.0
NXPI,0.0,0.0,0.0,0.0,0.0,0.0,0.0,1.0,0.0,0.0,0.0,0.8831960421393195,0.1950758400010382,1.6922622320902017,0.5732934171986047,0.0
O,0.0,0.0,0.0,0.0,0.0,0.0,0.0,0.0,0.0,1.0,0.0,-1.0634711271238244,-0.1608919939693485,-0.6795506786936848,-1.4183454539350937,0.0
ODFL,0.0,0.0,0.0,0.0,0.0,0.0,1.0,0.0,0.0,0.0,0.0,1.5440537485337154,0.3271731010774492,0.6532587230953865,0.1813645315156378,0.0
OKE,0.0,0.0,0.0,1.0,0.0,0.0,0.0,0.0,0.0,0.0,0.0,-1.5027241357576664,-0.0424559272919127,-0.4227566247061465,-0.8466573068285418,0.0
OMC,1.0,0.0,0.0,0.0,0.0,0.0,0.0,0.0,0.0,0.0,0.0,0.2723095870813659,-0.1955673364510265,-0.6332605968102946,0.0273866397235397,0.0
ON,0.0,0.0,0.0,0.0,0.0,0.0,0.0,1.0,0.0,0.0,0.0,1.7716415942091146,1.0048314874678297,1.541983223577545,1.633085086374789,0.0
ORCL,0.0,0.0,0.0,0.0,0.0,0.0,0.0,1.0,0.0,0.0,0.0,0.2335959052181742,-0.8955880473219222,1.360420924253651,2.1217406739713156,1.0
ORLY,0.0,1.0,0.0,0.0,0.0,0.0,0.0,0.0,0.0,0.0,0.0,-1.0312653173030406,-0.5282676134560476,1.0614321478165043,-0.2260607776647966,0.0
OTIS,0.0,0.0,0.0,0.0,0.0,0.0,1.0,0.0,0.0,0.0,0.0,-0.3860527094002081,-0.5185458328760156,-0.7284253236103608,-0.7669157283211635,0.0
OXY,0.0,0.0,0.0,1.0,0.0,0.0,0.0,0.0,0.0,0.0,0.0,-2.04443787836195,0.0311255513921186,-0.017777973116278,-0.7071581009325052,0.0
PANW,0.0,0.0,0.0,0.0,0.0,0.0,0.0,1.0,0.0,0.0,0.0,0.1381394457690175,0.8935515658241499,1.890275452393872,0.5863767813729336,0.0
PAYX,0.0,0.0,0.0,0.0,0.0,0.0,1.0,0.0,0.0,0.0,0.0,-0.6710161488805796,-0.6097988990489615,0.6348908478217915,0.014570820983575,0.0
PCAR,0.0,0.0,0.0,0.0,0.0,0.0,1.0,0.0,0.0,0.0,0.0,0.4249450329522618,0.0259779674225177,0.6852556608220465,-0.5063864993502345,0.0
PCG,0.0,0.0,0.0,0.0,0.0,0.0,0.0,0.0,0.0,0.0,1.0,-0.7074107550591522,-0.1399683724282026,-0.9668825092771802,-0.7690344144681418,0.0
PEG,0.0,0.0,0.0,0.0,0.0,0.0,0.0,0.0,0.0,0.0,1.0,-0.9480794675605668,-0.393598192715799,-0.6194042285035136,-1.4347021482174722,0.0
PEP,0.0,0.0,1.0,0.0,0.0,0.0,0.0,0.0,0.0,0.0,0.0,-1.3532628424191917,-0.2650657597668882,1.532020502769456,-1.134747602246624,0.0
PFE,0.0,0.0,0.0,0.0,0.0,1.0,0.0,0.0,0.0,0.0,0.0,-0.448892582044766,-0.3338843879402994,-0.0459795353131864,-0.844637733463695,0.0
PFG,0.0,0.0,0.0,0.0,1.0,0.0,0.0,0.0,0.0,0.0,0.0,-0.1219167130696516,0.3020345335154689,-0.1292663903082836,-0.90312761405948,0.0
PG,0.0,0.0,1.0,0.0,0.0,0.0,0.0,0.0,0.0,0.0,0.0,-1.17285289958741,-0.3209969839505889,0.3687873255820111,-1.2239362039873916,0.0
PGR,0.0,0.0,0.0,0.0,1.0,0.0,0.0,0.0,0.0,0.0,0.0,-1.4684003418229006,-0.3545983830053438,-0.2819029370553588,-0.2269804913418872,0.0
PH,0.0,0.0,0.0,0.0,0.0,0.0,1.0,0.0,0.0,0.0,0.0,0.1698807217311475,0.1016021676762477,-0.1648273172730597,-0.7979263894304732,0.0
PHM,0.0,1.0,0.0,0.0,0.0,0.0,0.0,0.0,0.0,0.0,0.0,1.2796554077214914,-0.2780430653054369,-1.060282114583299,-0.3960560123454678,0.0
PKG,0.0,0.0,0.0,0.0,0.0,0.0,0.0,0.0,1.0,0.0,0.0,0.3341270385144937,-0.0877388570087626,-1.1613728089330773,-0.2966671932946765,0.0
PLD,0.0,0.0,0.0,0.0,0.0,0.0,0.0,0.0,0.0,1.0,0.0,-0.1183355549334424,0.1200012582633891,-0.3257429516197966,-0.953318586743823,0.0
PLTR,0.0,0.0,0.0,0.0,0.0,0.0,0.0,1.0,0.0,0.0,0.0,1.1054554509343515,-0.6129605441913757,2.3203947237305713,1.5326174823583945,1.0
PM,0.0,0.0,1.0,0.0,0.0,0.0,0.0,0.0,0.0,0.0,0.0,-1.4300032557201414,-0.1161894992018958,0.0572465898755517,-0.4364594977115414,0.0
PNC,0.0,0.0,0.0,0.0,1.0,0.0,0.0,0.0,0.0,0.0,0.0,0.0094995795579434,0.1024831992665334,-0.5465161369241277,-1.0601818680175623,0.0
PNR,0.0,0.0,0.0,0.0,0.0,0.0,1.0,0.0,0.0,0.0,0.0,0.9444033825205322,-0.6958620043512742,-1.035226788660292,-0.192396601297948,0.0
PNW,0.0,0.0,0.0,0.0,0.0,0.0,0.0,0.0,0.0,0.0,1.0,-1.3507668818564789,-0.0799510378444148,-1.487824074972722,-1.2596122693906129,0.0
PODD,0.0,0.0,0.0,0.0,0.0,1.0,0.0,0.0,0.0,0.0,0.0,0.0723042503342695,-0.890945443260815,0.114377613797419,0.999983362920962,0.0
PPG,0.0,0.0,0.0,0.0,0.0,0.0,0.0,0.0,1.0,0.0,0.0,0.7246475910819768,-0.19826274917913,-1.005623184266338,-0.5300553086634592,0.0
PPL,0.0,0.0,0.0,0.0,0.0,0.0,0.0,0.0,0.0,0.0,1.0,-1.1338127158582416,-0.2943824039779859,-0.8360904141800072,-1.4072964286822756,0.0
PRU,0.0,0.0,0.0,0.0,1.0,0.0,0.0,0.0,0.0,0.0,0.0,-0.009631047721737,-0.1788053180517657,-1.1435463377882231,-0.9833646360987562,0.0
PSA,0.0,0.0,0.0,0.0,0.0,0.0,0.0,0.0,0.0,1.0,0.0,-0.1006864337089783,-0.1305481688555669,-0.7274767626985864,-1.0116522593476862,0.0
PSKY,1.0,0.0,0.0,0.0,0.0,0.0,0.0,0.0,0.0,0.0,0.0,0.994230449386806,-0.5035922573413013,-0.6747893066221893,2.4340289430787605,0.0
PSX,0.0,0.0,0.0,1.0,0.0,0.0,0.0,0.0,0.0,0.0,0.0,-1.440248828890735,0.4156742967389324,-0.3968629834126345,-0.7434654741601615,0.0
PTC,0.0,0.0,0.0,0.0,0.0,0.0,0.0,1.0,0.0,0.0,0.0,-0.2581397593374974,-0.8660772098881294,0.1915242000144885,0.8035597056761179,0.0
PWR,0.0,0.0,0.0,0.0,0.0,0.0,1.0,0.0,0.0,0.0,0.0,0.4381924321256209,0.6268964631627535,0.1745921548247162,0.6707491201643128,0.0
PYPL,0.0,0.0,0.0,0.0,1.0,0.0,0.0,0.0,0.0,0.0,0.0,0.6740827781393136,-0.7569764814910155,1.0798210606979952,0.6018478065461295,0.0
Q,0.0,0.0,0.0,0.0,0.0,0.0,0.0,1.0,0.0,0.0,0.0,2.1617178219625046,0.2594334826973094,-0.7456234793252773,1.16595767940616,0.0
QCOM,0.0,0.0,0.0,0.0,0.0,0.0,0.0,1.0,0.0,0.0,0.0,0.8913744545105078,0.0669424383993848,2.3556973388457925,1.332161166785134,0.0
RCL,0.0,1.0,0.0,0.0,0.0,0.0,0.0,0.0,0.0,0.0,0.0,1.7450864400850383,-0.4338756438244428,0.1140401953600316,0.5363512319063706,0.0
REG,0.0,0.0,0.0,0.0,0.0,0.0,0.0,0.0,0.0,1.0,0.0,-1.0260141066982538,-0.1939813476584813,-0.1580617668939136,-1.2721143629168865,0.0
REGN,0.0,0.0,0.0,0.0,0.0,1.0,0.0,0.0,0.0,0.0,0.0,-0.445144109658422,-0.0885771369949823,0.9566011747198812,-0.0065414112884419,0.0
RF,0.0,0.0,0.0,0.0,1.0,0.0,0.0,0.0,0.0,0.0,0.0,0.4955599408085887,-0.0524084577789843,-0.6271221924737499,-0.9475345047142848,0.0
RJF,0.0,0.0,0.0,0.0,1.0,0.0,0.0,0.0,0.0,0.0,0.0,-0.0807796214503505,-0.312049707228824,-1.0507123268766034,-0.7199415412468605,0.0
RL,0.0,1.0,0.0,0.0,0.0,0.0,0.0,0.0,0.0,0.0,0.0,0.8777588904033098,0.0742310786103489,-0.7674385749609584,-0.2124445888955574,0.0
RMD,0.0,0.0,0.0,0.0,0.0,1.0,0.0,0.0,0.0,0.0,0.0,0.0387428058578316,-0.6698905933528666,-0.888460691910842,-0.3242855054747058,0.0
ROK,0.0,0.0,0.0,0.0,0.0,0.0,1.0,0.0,0.0,0.0,0.0,1.1809790989457645,0.1149170521162088,-0.5518464299094222,-0.3625559723579105,0.0
ROL,0.0,0.0,0.0,0.0,0.0,0.0,1.0,0.0,0.0,0.0,0.0,-0.9478227516913292,-0.5998636321516202,-0.8663121773143166,0.3032014016918976,0.0
ROP,0.0,0.0,0.0,0.0,0.0,0.0,0.0,1.0,0.0,0.0,0.0,-0.5272718343518223,-0.7532422651457426,0.6001576766481125,0.7994795533128243,0.0
ROST,0.0,1.0,0.0,0.0,0.0,0.0,0.0,0.0,0.0,0.0,0.0,-0.4171317841799903,0.4052161180401776,1.073670469380523,-0.612099397635239,0.0
RSG,0.0,0.0,0.0,0.0,0.0,0.0,1.0,0.0,0.0,0.0,0.0,-1.2475210712306402,-0.3712328280169685,-0.6407370197887038,-0.4190389405263142,0.0
RTX,0.0,0.0,0.0,0.0,0.0,0.0,1.0,0.0,0.0,0.0,0.0,-0.5668829446234668,0.0297517561865073,0.1299642835421248,-0.388797041160691,0.0
RVTY,0.0,0.0,0.0,0.0,0.0,1.0,0.0,0.0,0.0,0.0,0.0,1.8002866669296609,0.007529786590436,-1.154258482864487,0.2706954813561904,0.0
SBAC,0.0,0.0,0.0,0.0,0.0,0.0,0.0,0.0,0.0,1.0,0.0,-0.9574989366583976,-0.5103928167752182,-0.0033848919360741,0.1776600877631768,0.0
SBUX,0.0,1.0,0.0,0.0,0.0,0.0,0.0,0.0,0.0,0.0,0.0,-0.2051057675905648,-0.1006498951610751,1.163878763497185,-0.3908986685366498,0.0
SCHW,0.0,0.0,0.0,0.0,1.0,0.0,0.0,0.0,0.0,0.0,0.0,-0.6820422164025093,-0.2353221586026055,0.3961998691760812,-0.7368651416640563,0.0
SHW,0.0,0.0,0.0,0.0,0.0,0.0,0.0,0.0,1.0,0.0,0.0,0.4862731713613279,-0.382987440912119,-0.0268885754857337,-0.643974381003856,0.0
SJM,0.0,0.0,1.0,0.0,0.0,0.0,0.0,0.0,0.0,0.0,0.0,-1.0016946994695,-0.2687410771521298,-1.1981560960327993,-0.5417838937526316,0.0
SLB,0.0,0.0,0.0,1.0,0.0,0.0,0.0,0.0,0.0,0.0,0.0,0.1392517454474085,0.2528659074249305,0.0543546612041561,-0.1026245896734818,0.0
SMCI,0.0,0.0,0.0,0.0,0.0,0.0,0.0,1.0,0.0,0.0,0.0,3.020172762066913,-0.8535137812801369,1.329841445387893,3.1689995215447584,0.0
SNA,0.0,0.0,0.0,0.0,0.0,0.0,1.0,0.0,0.0,0.0,0.0,0.0174253502806461,0.0291455098532961,-1.336996219676054,-1.119204552945473,0.0
SNDK,0.0,0.0,0.0,0.0,0.0,0.0,0.0,1.0,0.0,0.0,0.0,3.020172762066913,7.875788528125199,3.0682946495366026,3.1689995215447584,0.0
SNPS,0.0,0.0,0.0,0.0,0.0,0.0,0.0,1.0,0.0,0.0,0.0,1.0926054468687156,-0.7057456593467093,1.1763481451456042,1.2774855214583265,0.0
SO,0.0,0.0,0.0,0.0,0.0,0.0,0.0,0.0,0.0,0.0,1.0,-1.4642429712033227,-0.2902121975569325,-0.1916770883986197,-1.407606264795044,0.0
SOLV,0.0,0.0,0.0,0.0,0.0,1.0,0.0,0.0,0.0,0.0,0.0,0.3580343860782765,-0.2516178543380021,-1.401528100700438,-0.2469029502021918,0.0
SPG,0.0,0.0,0.0,0.0,0.0,0.0,0.0,0.0,0.0,1.0,0.0,-0.3547477744875763,0.0891935125101501,-0.6590305080640565,-1.289700015793214,0.0
SPGI,0.0,0.0,0.0,0.0,1.0,0.0,0.0,0.0,0.0,0.0,0.0,-0.4250767306451445,-0.6165758122257228,0.1423299688873916,-0.4628326635639058,0.0
SRE,0.0,0.0,0.0,0.0,0.0,0.0,0.0,0.0,0.0,0.0,1.0,-0.8289129176638277,-0.0839712640399744,-0.6738415414598145,-1.269583096955654,0.0
STE,0.0,0.0,0.0,0.0,0.0,1.0,0.0,0.0,0.0,0.0,0.0,0.2250602315630337,-0.3873608236244696,-1.0872137685710734,-0.6579664357208888,0.0
STLD,0.0,0.0,0.0,0.0,0.0,0.0,0.0,0.0,1.0,0.0,0.0,0.8165097964423865,0.8253789239878334,0.4179462681063803,0.0839358204993372,0.0
STT,0.0,0.0,0.0,0.0,1.0,0.0,0.0,0.0,0.0,0.0,0.0,0.2816796035581952,0.5106922554872935,-0.6427192989555821,-0.6703618794175717,0.0
STX,0.0,0.0,0.0,0.0,0.0,0.0,0.0,1.0,0.0,0.0,0.0,0.8822534872966691,6.096028492783232,1.9843428559116825,2.719125876478265,0.0
STZ,0.0,0.0,1.0,0.0,0.0,0.0,0.0,0.0,0.0,0.0,0.0,-0.6253379363409821,-0.6156347718198407,-0.6440377536285953,-0.3103468990042266,0.0
SW,0.0,0.0,0.0,0.0,0.0,0.0,0.0,0.0,1.0,0.0,0.0,1.7016277735186456,-0.3644336944921071,-0.5899592565087529,0.3245945407244317,0.0
SWK,0.0,0.0,0.0,0.0,0.0,0.0,1.0,0.0,0.0,0.0,0.0,2.263436766106249,0.0186123078691159,-1.167427034127257,-0.1194993138796696,0.0
SWKS,0.0,0.0,0.0,0.0,0.0,0.0,0.0,1.0,0.0,0.0,0.0,0.6709216580238582,-0.5277644967617413,0.7112527403724843,1.0065606298959613,0.0
SYF,0.0,0.0,0.0,0.0,1.0,0.0,0.0,0.0,0.0,0.0,0.0,0.7885920601751346,-0.3319544895301677,-0.4495356566252214,-0.5337502288610851,0.0
SYK,0.0,0.0,0.0,0.0,0.0,1.0,0.0,0.0,0.0,0.0,0.0,-0.3251445754666333,-0.4894100508300428,0.0639936712946677,-0.6513599996626946,0.0
SYY,0.0,0.0,1.0,0.0,0.0,0.0,0.0,0.0,0.0,0.0,0.0,-0.5823268090815638,-0.2361246696724917,-0.7695304921028826,-0.3638290918791301,0.0
T,1.0,0.0,0.0,0.0,0.0,0.0,0.0,0.0,0.0,0.0,0.0,-1.5535349030939931,-0.6199314311855032,0.3035680652730596,-0.2013699726444963,0.0
TAP,0.0,0.0,1.0,0.0,0.0,0.0,0.0,0.0,0.0,0.0,0.0,-0.8929920964226647,-0.5787710654237828,-1.1386691586670512,-0.608429999910026,0.0
TDG,0.0,0.0,0.0,0.0,0.0,0.0,1.0,0.0,0.0,0.0,0.0,-0.1045123780460519,-0.4211502141136282,-0.1735503504879161,-0.2732846657670185,0.0
TDY,0.0,0.0,0.0,0.0,0.0,0.0,0.0,1.0,0.0,0.0,0.0,0.386255912712539,-0.110232883110298,-0.9629013327384917,0.000466370106644,0.0
TECH,0.0,0.0,0.0,0.0,0.0,1.0,0.0,0.0,0.0,0.0,0.0,1.2931189263427023,0.1165358023492235,0.0847520595147136,1.0173992522512256,0.0
TEL,0.0,0.0,0.0,0.0,0.0,0.0,0.0,1.0,0.0,0.0,0.0,1.19745327566441,-0.3320931291009698,-0.2979689694740589,0.0100531067807206,0.0
TER,0.0,0.0,0.0,0.0,0.0,0.0,0.0,1.0,0.0,0.0,0.0,3.020172762066913,2.748799218945178,1.6220120295156963,2.6515001850781337,0.0
TFC,0.0,0.0,0.0,0.0,1.0,0.0,0.0,0.0,0.0,0.0,0.0,0.4133149505854963,-0.1114415341626201,-0.3300677551023839,-0.9797293316653708,0.0
TGT,0.0,0.0,1.0,0.0,0.0,0.0,0.0,0.0,0.0,0.0,0.0,0.0735779730371307,0.0876280907201537,-0.0481651509337527,-0.3059086623136055,0.0
TJX,0.0,1.0,0.0,0.0,0.0,0.0,0.0,0.0,0.0,0.0,0.0,-1.0549009744290316,-0.0463655346601444,-0.0410021733299868,-0.7038603652735974,0.0
TKO,1.0,0.0,0.0,0.0,0.0,0.0,0.0,0.0,0.0,0.0,0.0,-0.2359880865098247,-0.0499110235311491,-0.7023554971504373,0.0314521558812204,0.0
TMO,0.0,0.0,0.0,0.0,0.0,1.0,0.0,0.0,0.0,0.0,0.0,0.247632492164893,-0.1696312484057555,0.3340850540017633,-0.5014325445858885,0.0
TMUS,1.0,0.0,0.0,0.0,0.0,0.0,0.0,0.0,0.0,0.0,0.0,-1.7691451000192455,-0.6044054114127606,1.3387948409851,0.0581509557642211,0.0
TPL,0.0,0.0,0.0,1.0,0.0,0.0,0.0,0.0,0.0,0.0,0.0,-0.2010123453708913,0.0467783122352327,-1.2437660553444327,0.9282463572201488,0.0
TPR,0.0,1.0,0.0,0.0,0.0,0.0,0.0,0.0,0.0,0.0,0.0,1.175800586654392,0.0469338148133948,-0.7447149412280714,0.4232515412149633,0.0
TRGP,0.0,0.0,0.0,1.0,0.0,0.0,0.0,0.0,0.0,0.0,0.0,-1.226106463449379,0.6150440601023723,-0.6461836636014089,-0.7040685008828275,0.0
TRMB,0.0,0.0,0.0,0.0,0.0,0.0,0.0,1.0,0.0,0.0,0.0,1.0421525983414384,-0.7843900404050743,0.0107831605038435,0.1324690893396982,0.0
TROW,0.0,0.0,0.0,0.0,1.0,0.0,0.0,0.0,0.0,0.0,0.0,0.2418038476413906,-0.1729953129834118,0.3115529696950366,-0.7910266173755923,0.0
TRV,0.0,0.0,0.0,0.0,1.0,0.0,0.0,0.0,0.0,0.0,0.0,-0.8462364590624611,0.044404323658819,-0.2428531972741596,-0.6531726995526053,0.0
TSCO,0.0,1.0,0.0,0.0,0.0,0.0,0.0,0.0,0.0,0.0,0.0,-0.1424605989366772,-0.9686920032064836,0.4780074377865987,-0.0217625916454704,0.0
TSLA,0.0,1.0,0.0,0.0,0.0,0.0,0.0,0.0,0.0,0.0,0.0,0.885434009478031,0.0737976197163732,3.0682946495366026,1.1396112626685062,0.0
TSN,0.0,0.0,1.0,0.0,0.0,0.0,0.0,0.0,0.0,0.0,0.0,-0.8788096112665625,-0.2168308599494845,-1.1584155453975955,-0.5448734881719378,0.0
TT,0.0,0.0,0.0,0.0,0.0,0.0,1.0,0.0,0.0,0.0,0.0,0.0659644405468427,-0.1726825551348203,-0.0764842043356074,-0.6391250255778487,0.0
TTD,1.0,0.0,0.0,0.0,0.0,0.0,0.0,0.0,0.0,0.0,0.0,0.966228299801734,-1.3412936518159253,0.4274745744502488,3.0504792204618316,0.0
TTWO,1.0,0.0,0.0,0.0,0.0,0.0,0.0,0.0,0.0,0.0,0.0,-0.6182103977830276,-0.148013478084634,0.915047969229521,0.0625311363279008,0.0
TXN,0.0,0.0,0.0,0.0,0.0,0.0,0.0,1.0,0.0,0.0,0.0,0.364026032703488,0.5547463326428935,2.0940243458632497,0.4717484152562968,0.0
TXT,0.0,0.0,0.0,0.0,0.0,0.0,1.0,0.0,0.0,0.0,0.0,0.3500933492732968,-0.1045293282122971,-1.3445478239512871,-0.6442650377397735,0.0
TYL,0.0,0.0,0.0,0.0,0.0,0.0,0.0,1.0,0.0,0.0,0.0,-0.4309775132194046,-0.9434472568063365,-0.8140510132259716,1.3706226915601885,0.0
UAL,0.0,0.0,0.0,0.0,0.0,0.0,1.0,0.0,0.0,0.0,0.0,2.332356412507398,0.2796110635877538,0.8286001187068953,0.7770621083369468,0.0
UBER,0.0,0.0,0.0,0.0,0.0,0.0,1.0,0.0,0.0,0.0,0.0,-0.0111407172586043,-0.549625881482009,0.6432635114360844,0.3331041313771047,0.0
UDR,0.0,0.0,0.0,0.0,0.0,0.0,0.0,0.0,0.0,1.0,0.0,-0.4140895512537174,-0.2570246932161229,-1.1432984216977566,-1.2112077352086448,0.0
UHS,0.0,0.0,0.0,0.0,0.0,1.0,0.0,0.0,0.0,0.0,0.0,-0.7622193506808075,-0.382269766784801,-1.104556794095272,0.3104182535836676,0.0
ULTA,0.0,1.0,0.0,0.0,0.0,0.0,0.0,0.0,0.0,0.0,0.0,0.1225944686989519,-0.4451480988986207,0.4355607646780616,0.1410707213548599,0.0
UNH,0.0,0.0,0.0,0.0,0.0,1.0,0.0,0.0,0.0,0.0,0.0,0.2429064030934353,0.6184798539475905,0.8901027568449017,0.3045395676539507,0.0
UNP,0.0,0.0,0.0,0.0,0.0,0.0,1.0,0.0,0.0,0.0,0.0,-0.4552282329666529,0.0434436414538401,0.0378374211596422,-0.7483256787037893,0.0
UPS,0.0,0.0,0.0,0.0,0.0,0.0,1.0,0.0,0.0,0.0,0.0,0.3953740517196842,0.051249043295415,-0.0818816425524234,-0.3967593984340781,0.0
URI,0.0,0.0,0.0,0.0,0.0,0.0,1.0,0.0,0.0,0.0,0.0,0.8600710440602418,0.0113309902861125,-0.283903790725103,0.2122270294376561,0.0
USB,0.0,0.0,0.0,0.0,1.0,0.0,0.0,0.0,0.0,0.0,0.0,0.2065069116776695,0.1865762826935674,-0.1312153568124176,-1.1601148502299292,0.0
V,0.0,0.0,0.0,0.0,1.0,0.0,0.0,0.0,0.0,0.0,0.0,-0.6424584509330784,-0.2671425335424499,0.9771827051932492,-1.0180761013889854,0.0
VEEV,0.0,0.0,0.0,0.0,0.0,1.0,0.0,0.0,0.0,0.0,0.0,0.5520559894690684,-0.7430192149271613,-0.4355875968328901,0.7605637200505552,0.0
VICI,0.0,0.0,0.0,0.0,0.0,0.0,0.0,0.0,0.0,1.0,0.0,-0.7800408363737288,-0.5914614889004256,-0.9927893983720588,-1.3818608168985016,0.0
VLO,0.0,0.0,0.0,1.0,0.0,0.0,0.0,0.0,0.0,0.0,0.0,-1.5252920870424556,1.1259482843330697,0.0858287058517921,-0.2877904975583005,0.0
VLTO,0.0,0.0,0.0,0.0,0.0,0.0,1.0,0.0,0.0,0.0,0.0,-0.3475812998550606,-0.4920497350867303,-0.9893315619939294,-0.3487826687291117,0.0
VMC,0.0,0.0,0.0,0.0,0.0,0.0,0.0,0.0,1.0,0.0,0.0,0.3221542255416011,-0.2958661774292803,-0.4891117788844656,-0.4244554780849879,0.0
VRSK,0.0,0.0,0.0,0.0,0.0,0.0,1.0,0.0,0.0,0.0,0.0,-1.169454009447582,-0.6807001792588019,0.5338397965625691,0.5819252280509427,0.0
VRSN,0.0,0.0,0.0,0.0,0.0,0.0,0.0,1.0,0.0,0.0,0.0,-1.0699042069786886,-0.2886949156148813,0.2236869421291317,0.8032250625818015,0.0
VRT,0.0,0.0,0.0,0.0,0.0,0.0,1.0,0.0,0.0,0.0,0.0,1.5427036540540475,1.4364856733208105,0.7646609522723545,2.602323251929223,0.0
VRTX,0.0,0.0,0.0,0.0,0.0,1.0,0.0,0.0,0.0,0.0,0.0,-0.474957220591847,0.1364619211958364,1.1230469811959625,-0.3684977378260148,0.0
VST,0.0,0.0,0.0,0.0,0.0,0.0,0.0,0.0,0.0,0.0,1.0,0.4262086861094381,-0.6474543722536569,0.112509952769962,1.2475238563696485,0.0
VTR,0.0,0.0,0.0,0.0,0.0,0.0,0.0,0.0,0.0,1.0,0.0,-1.6475783026200774,0.1559344534171309,-0.4142120555614176,-0.6963606990407486,0.0
VTRS,0.0,0.0,0.0,0.0,0.0,1.0,0.0,0.0,0.0,0.0,0.0,0.2122887064432701,0.8292905277791194,-0.1171072800383775,-0.0280108115913934,0.0
VZ,1.0,0.0,0.0,0.0,0.0,0.0,0.0,0.0,0.0,0.0,0.0,-1.387288636956541,-0.3028614846583638,0.2504577748101512,-0.2451511302254483,0.0
WAB,0.0,0.0,0.0,0.0,0.0,0.0,1.0,0.0,0.0,0.0,0.0,0.4401829105172004,0.1911106327772549,-1.0123231714964045,-0.7620069232854119,0.0
WAT,0.0,0.0,0.0,0.0,0.0,1.0,0.0,0.0,0.0,0.0,0.0,0.5612455254762717,0.1177060272111095,-0.5637465444170597,0.1176671882396479,0.0
WBD,1.0,0.0,0.0,0.0,0.0,0.0,0.0,0.0,0.0,0.0,0.0,0.0020545297115267,1.1114141707726866,0.706576180424703,1.604745359562587,0.0
WDAY,0.0,0.0,0.0,0.0,0.0,0.0,0.0,1.0,0.0,0.0,0.0,-0.2331942806464086,-0.8184243918334313,1.025029720147019,1.804075003711425,0.0
WDC,0.0,0.0,0.0,0.0,0.0,0.0,0.0,1.0,0.0,0.0,0.0,1.4966910889835408,7.875788528125199,2.199257810441732,3.1689995215447584,0.0
WEC,0.0,0.0,0.0,0.0,0.0,0.0,0.0,0.0,0.0,0.0,1.0,-1.2252835576521932,-0.2335428135837486,-0.973298672655802,-1.5088820911341274,0.0
WELL,0.0,0.0,0.0,0.0,0.0,0.0,0.0,0.0,0.0,1.0,0.0,-1.493246402512563,0.1871020335494878,-0.154191508836906,-0.6760654498579292,0.0
WFC,0.0,0.0,0.0,0.0,1.0,0.0,0.0,0.0,0.0,0.0,0.0,0.0795053511988557,-0.1749674985128871,0.5148738381832714,-0.7663830357672353,0.0
WM,0.0,0.0,0.0,0.0,0.0,0.0,1.0,0.0,0.0,0.0,0.0,-1.4700057431100255,-0.2765491555933644,-0.3957449750352891,-0.3774859977091832,0.0
WMB,0.0,0.0,0.0,1.0,0.0,0.0,0.0,0.0,0.0,0.0,0.0,-1.315178288641846,0.0636567345127755,-0.1184495167208142,-0.5251775129373212,0.0
WMT,0.0,0.0,1.0,0.0,0.0,0.0,0.0,0.0,0.0,0.0,0.0,-1.3813512901445053,-0.1150099211087562,2.0553546739695863,-0.6195337812204054,0.0
WRB,0.0,0.0,0.0,0.0,1.0,0.0,0.0,0.0,0.0,0.0,0.0,-1.157473903309378,-0.2798461033350763,-1.3118572676907676,-0.4571180632834901,0.0
WSM,0.0,1.0,0.0,0.0,0.0,0.0,0.0,0.0,0.0,0.0,0.0,1.2477453671234011,-0.2035431269881053,-0.8999687307834222,-0.3114349973069531,0.0
WST,0.0,0.0,0.0,0.0,0.0,1.0,0.0,0.0,0.0,0.0,0.0,0.3129253477565117,0.3364554012320625,-0.829910845612354,0.1274994822514317,0.0
WTW,0.0,0.0,0.0,0.0,1.0,0.0,0.0,0.0,0.0,0.0,0.0,-1.0697382165804483,-0.4321757903867588,0.1597468062485982,-0.1594781627037894,0.0
WY,0.0,0.0,0.0,0.0,0.0,0.0,0.0,0.0,0.0,1.0,0.0,0.0873009477910478,-0.4713835749559924,-1.4121293298393185,-0.5433077206136235,0.0
WYNN,0.0,1.0,0.0,0.0,0.0,0.0,0.0,0.0,0.0,0.0,0.0,0.5926868018340098,-0.4217510728103632,-0.1912137640116879,0.0569825983148318,0.0
XEL,0.0,0.0,0.0,0.0,0.0,0.0,0.0,0.0,0.0,0.0,1.0,-1.1113900813229556,-0.1840731151943708,0.8074240618627192,-1.1622636513843525,0.0
XOM,0.0,0.0,0.0,1.0,0.0,0.0,0.0,0.0,0.0,0.0,0.0,-1.9077496831104936,0.1202839461498166,1.0236212763746513,-1.2263280659868288,0.0
XYL,0.0,0.0,0.0,0.0,0.0,0.0,1.0,0.0,0.0,0.0,0.0,0.220917461732813,-0.5310073068668455,-0.9600371226415072,-0.8319737301300978,0.0
XYZ,0.0,0.0,0.0,0.0,1.0,0.0,0.0,0.0,0.0,0.0,0.0,2.114139373646368,-0.28469565716547,-0.0891685246896163,1.5851358226191543,0.0
YUM,0.0,1.0,0.0,0.0,0.0,0.0,0.0,0.0,0.0,0.0,0.0,-0.9198648389008536,-0.0565071119166664,-0.6075543183102221,-0.3722437999831831,0.0
ZBH,0.0,0.0,0.0,0.0,0.0,1.0,0.0,0.0,0.0,0.0,0.0,-0.3201146756063689,-0.3745690373847423,-0.9393041923404688,-0.028546594969837,0.0
ZBRA,0.0,0.0,0.0,0.0,0.0,0.0,0.0,1.0,0.0,0.0,0.0,2.15349633288899,-0.4710514782831053,0.2092829267157355,1.0509773953177697,0.0
ZTS,0.0,0.0,0.0,0.0,0.0,1.0,0.0,0.0,0.0,0.0,0.0,0.3677690867977292,-0.9498104119039557,-0.2848738280975232,0.2704196050852587,0.0
