symbol,Communication Services,Consumer Discretionary,Consumer Staples,Energy,Financials,Health Care,Industrials,Information Technology,Materials,Real Estate,Utilities,Beta,Momentum,Size,ResVol
A,0.0,0.0,0.0,0.0,0.0,1.0,0.0,0.0,0.0,0.0,0.0,0.5427289866022369,-0.2634746325534673,-0.7539998576550144,-0.21803360987972087
AAPL,0.0,0.0,0.0,0.0,0.0,0.0,0.0,1.0,0.0,0.0,0.0,-0.34724617274087416,0.6102018266787167,3.0682946495366026,0.7272269903318541
ABBV,0.0,0.0,0.0,0.0,0.0,1.0,0.0,0.0,0.0,0.0,0.0,-0.8902783816349935,0.5064716511955742,0.3368267765667908,-0.5658386146882582
ABNB,0.0,1.0,0.0,0.0,0.0,0.0,0.0,0.0,0.0,0.0,0.0,0.3886465263951372,0.0033737511484551144,0.9088127359802066,-0.3868596833058073
ABT,0.0,0.0,0.0,0.0,0.0,1.0,0.0,0.0,0.0,0.0,0.0,-0.5567961734573464,-0.9763486364169802,0.5214208917106863,-0.4164615423836938
ACGL,0.0,0.0,0.0,0.0,1.0,0.0,0.0,0.0,0.0,0.0,0.0,-1.0234599050668585,0.06732081065765222,0.26212032834321386,-0.6729569749962339
ACN,0.0,0.0,0.0,0.0,0.0,0.0,0.0,1.0,0.0,0.0,0.0,0.38023876912737553,-2.586744280377364,0.2491300886854111,2.0923654187849436
ADBE,0.0,0.0,0.0,0.0,0.0,0.0,0.0,1.0,0.0,0.0,0.0,-0.39409497267463856,-1.8277717242435445,1.4919564166096217,1.7129347749958588
ADI,0.0,0.0,0.0,0.0,0.0,0.0,0.0,1.0,0.0,0.0,0.0,0.530571397113144,0.9594403621604187,1.943044537179203,0.004305953231236136
ADM,0.0,0.0,1.0,0.0,0.0,0.0,0.0,0.0,0.0,0.0,0.0,-1.1616938209028738,0.6010963656118423,-0.5732662914426724,-0.20610004303278567
ADP,0.0,0.0,0.0,0.0,0.0,0.0,1.0,0.0,0.0,0.0,0.0,-0.7395688744428851,-0.4407247992976505,1.0270145416137204,0.2947675344841758
ADSK,0.0,0.0,0.0,0.0,0.0,0.0,0.0,1.0,0.0,0.0,0.0,-0.15306814111850092,-1.2679528243385376,0.8643173715156086,1.3775903567226726
AEE,0.0,0.0,0.0,0.0,0.0,0.0,0.0,0.0,0.0,0.0,1.0,-1.1175318834452062,0.1316161316128651,-0.9741950742246248,-1.4074932663334858
AEP,0.0,0.0,0.0,0.0,0.0,0.0,0.0,0.0,0.0,0.0,1.0,-1.1866586430548998,0.3301904577121841,1.1503412039764795,-1.2874325409672407
AES,0.0,0.0,0.0,0.0,0.0,0.0,0.0,0.0,0.0,0.0,1.0,-0.7933345610400622,-0.2132845423215419,-1.5837127774365265,-0.5582219718121787
AFL,0.0,0.0,0.0,0.0,1.0,0.0,0.0,0.0,0.0,0.0,0.0,-1.0612463483526833,0.16819357642948699,-0.6430242180991446,-0.867657446286448
AIG,0.0,0.0,0.0,0.0,1.0,0.0,0.0,0.0,0.0,0.0,0.0,-0.6110506875856148,-0.18540648419644057,-0.7626233836338365,-0.7569979550834927
AIZ,0.0,0.0,0.0,0.0,1.0,0.0,0.0,0.0,0.0,0.0,0.0,-0.8099332485572134,0.6805424961916999,-1.3479823877714188,-0.6575624412734958
AJG,0.0,0.0,0.0,0.0,1.0,0.0,0.0,0.0,0.0,0.0,0.0,-0.5022314284916747,-0.1995771262810389,-0.4507773926312846,-0.2378160122113763
AKAM,0.0,0.0,0.0,0.0,0.0,0.0,0.0,1.0,0.0,0.0,0.0,-0.4111784621108623,0.7953013789754297,0.6551373909107433,2.015604756381474
ALB,0.0,0.0,0.0,0.0,0.0,0.0,0.0,0.0,1.0,0.0,0.0,0.8413265782603792,-0.2390959195589767,-0.6029815550414394,1.1326965463897563
ALGN,0.0,0.0,0.0,0.0,0.0,1.0,0.0,0.0,0.0,0.0,0.0,1.7668602884837827,-0.3684880015549548,-0.00814411163154617,0.3194801950521262
ALL,0.0,0.0,0.0,0.0,1.0,0.0,0.0,0.0,0.0,0.0,0.0,-1.07968436788432,0.5669116959168827,-0.5783253728746397,-0.40469518753086814
ALLE,0.0,0.0,0.0,0.0,0.0,0.0,1.0,0.0,0.0,0.0,0.0,0.258951653127646,-0.6549167865211104,-1.2767040254923125,-0.18830864718212764
AMAT,0.0,0.0,0.0,0.0,0.0,0.0,0.0,1.0,0.0,0.0,0.0,0.8475306042880513,2.743345572453572,2.550210495723115,1.7999102558190732
AMCR,0.0,0.0,0.0,0.0,0.0,0.0,0.0,0.0,1.0,0.0,0.0,0.9219665867141215,-0.501357182553495,-1.152210483424218,-0.638042354706027
AMD,0.0,0.0,0.0,0.0,0.0,0.0,0.0,1.0,0.0,0.0,0.0,1.2996647920741107,3.2740454238872854,3.0682946495366026,2.2260915405235697
AME,0.0,0.0,0.0,0.0,0.0,0.0,1.0,0.0,0.0,0.0,0.0,0.28016128626243936,0.23573674343000853,-0.9326183695334948,-1.122011297077562
AMGN,0.0,0.0,0.0,0.0,0.0,1.0,0.0,0.0,0.0,0.0,0.0,-0.10884084997931946,0.22149110071365,1.4231583879684486,-0.6646674236154955
AMP,0.0,0.0,0.0,0.0,1.0,0.0,0.0,0.0,0.0,0.0,0.0,0.09290950144735144,-0.16282470439014063,-0.7792504629763436,-0.9182357560843006
AMT,0.0,0.0,0.0,0.0,0.0,0.0,0.0,0.0,0.0,1.0,0.0,-0.8578690878097964,-0.8766612564707077,-0.2152688551995809,-0.5091253309215106
AMZN,0.0,1.0,0.0,0.0,0.0,0.0,0.0,0.0,0.0,0.0,0.0,0.18223640479170825,0.06842960242715307,3.0682946495366026,0.4423128288814274
ANET,0.0,0.0,0.0,0.0,0.0,0.0,0.0,1.0,0.0,0.0,0.0,0.9747284711961658,1.2889570190869062,0.5294105319206724,1.2437953097292795
AON,0.0,0.0,0.0,0.0,1.0,0.0,0.0,0.0,0.0,0.0,0.0,-0.8303889464355384,-0.10388820145824224,-0.14917129957495376,-0.6556352410485887
AOS,0.0,0.0,0.0,0.0,0.0,0.0,1.0,0.0,0.0,0.0,0.0,0.6523036128551355,-0.8262931261400752,-1.3815691888133559,-0.7660594897728812
APA,0.0,0.0,0.0,1.0,0.0,0.0,0.0,0.0,0.0,0.0,0.0,-2.2512841222028728,0.5986162876132308,0.11103855493105307,-0.35768011367024966
APD,0.0,0.0,0.0,0.0,0.0,0.0,0.0,0.0,1.0,0.0,0.0,-0.7740142149172236,-0.08576288795162784,-0.4334673493519755,-0.4568192052744174
APH,0.0,0.0,0.0,0.0,0.0,0.0,0.0,1.0,0.0,0.0,0.0,0.5845522574508094,0.8823128705544608,0.5176995484157672,0.5350762679712091
APO,0.0,0.0,0.0,0.0,1.0,0.0,0.0,0.0,0.0,0.0,0.0,0.8011276484829178,-0.6572901479712709,-0.26929359732106006,-0.06646469488704722
APP,1.0,0.0,0.0,0.0,0.0,0.0,0.0,0.0,0.0,0.0,0.0,1.7552587519424505,0.9990520636532803,1.6842143389413777,2.7298034329359884
APTV,0.0,1.0,0.0,0.0,0.0,0.0,0.0,0.0,0.0,0.0,0.0,0.4423067975844137,-1.0852423878951514,-0.8722863422930957,1.2890571195262281
ARE,0.0,0.0,0.0,0.0,0.0,0.0,0.0,0.0,0.0,1.0,0.0,0.7567612294785624,-1.4807786008991939,-1.6240704759647377,0.3570165226160384
ARES,0.0,0.0,0.0,0.0,1.0,0.0,0.0,0.0,0.0,0.0,0.0,1.7484931115300715,-1.0014955793908902,-0.6266355695293612,0.4105966540537121
ATO,0.0,0.0,0.0,0.0,0.0,0.0,0.0,0.0,0.0,0.0,1.0,-1.0976510634186583,0.011844299671687064,-0.9893352125083212,-1.1835678463171329
AVB,0.0,0.0,0.0,0.0,0.0,0.0,0.0,0.0,0.0,1.0,0.0,-0.3638157354783953,-0.31285083521982365,-1.0954273080473076,-1.0601589545745016
AVGO,0.0,0.0,0.0,0.0,0.0,0.0,0.0,1.0,0.0,0.0,0.0,0.6559100420002891,0.8394985953312298,3.045038175552424,0.38116516612448137
AVY,0.0,0.0,0.0,0.0,0.0,0.0,0.0,0.0,1.0,0.0,0.0,0.37488129995807595,-0.7842573908686468,-1.4732184166211983,-0.8253621882498715
AWK,0.0,0.0,0.0,0.0,0.0,0.0,0.0,0.0,0.0,0.0,1.0,-1.4475391954578594,-0.345359368704378,-0.8120595894456691,-0.7870484141934666
AXON,0.0,0.0,0.0,0.0,0.0,0.0,1.0,0.0,0.0,0.0,0.0,1.393132259782104,0.41565126797404517,0.7287231852589137,2.2585354650111484
AXP,0.0,0.0,0.0,0.0,1.0,0.0,0.0,0.0,0.0,0.0,0.0,0.45646155756938916,0.012225599127725513,0.2262506320584572,-0.7972854102653083
AZO,0.0,1.0,0.0,0.0,0.0,0.0,0.0,0.0,0.0,0.0,0.0,-0.6113491441865881,-0.8409658285616414,-0.07799785262580256,-0.22209221868960072
BA,0.0,0.0,0.0,0.0,0.0,0.0,1.0,0.0,0.0,0.0,0.0,0.8360236009288157,-0.029322630038748174,0.458536430539703,-0.010719614758325384
BAC,0.0,0.0,0.0,0.0,1.0,0.0,0.0,0.0,0.0,0.0,0.0,0.03508719710108383,0.41538064713841244,0.6521662290313452,-1.1812196652447848
BALL,0.0,0.0,0.0,0.0,0.0,0.0,0.0,0.0,1.0,0.0,0.0,-0.11748934896427406,-0.052633932811348545,-1.124394674175327,-0.5858825766159912
BAX,0.0,0.0,0.0,0.0,0.0,1.0,0.0,0.0,0.0,0.0,0.0,1.9407628027158603,-0.5238837141613846,-1.260794674356433,0.470746442191715
BBY,0.0,1.0,0.0,0.0,0.0,0.0,0.0,0.0,0.0,0.0,0.0,0.5681439943112069,0.05731598219723493,-0.5542192441123074,0.15671322154995027
BDX,0.0,0.0,0.0,0.0,0.0,1.0,0.0,0.0,0.0,0.0,0.0,-0.05603587783159434,-1.1139390808412013,-0.587749428428664,-0.44017667667365196
BEN,0.0,0.0,0.0,0.0,1.0,0.0,0.0,0.0,0.0,0.0,0.0,0.5614365182558461,0.8391034898504193,-1.240444219297396,-0.4042517475845915
BF.B,0.0,0.0,1.0,0.0,0.0,0.0,0.0,0.0,0.0,0.0,0.0,-0.41018781492149076,-0.9404793935302364,-1.6692019689336512,0.09346386303599427
BG,0.0,0.0,1.0,0.0,0.0,0.0,0.0,0.0,0.0,0.0,0.0,-1.27181399657731,0.18950969950355318,-1.0038973407834013,0.24790432112479804
BIIB,0.0,0.0,0.0,0.0,0.0,1.0,0.0,0.0,0.0,0.0,0.0,-0.36295463364288766,0.35265525855633645,0.26251222824084464,0.12628475001260714
BKNG,0.0,1.0,0.0,0.0,0.0,0.0,0.0,0.0,0.0,0.0,0.0,0.7907416327816065,-0.6621495929908789,1.536977080667454,-0.11361134099511604
BKR,0.0,0.0,0.0,1.0,0.0,0.0,0.0,0.0,0.0,0.0,0.0,-0.5397209487197401,0.268245208553525,0.8744949197826222,0.02972616914159475
BLDR,0.0,0.0,0.0,0.0,0.0,0.0,1.0,0.0,0.0,0.0,0.0,2.584654400498118,-1.877509854502087,-0.9865484791842519,0.7809613574043499
BLK,0.0,0.0,0.0,0.0,1.0,0.0,0.0,0.0,0.0,0.0,0.0,0.6162063179931208,-0.437191978514829,-0.016142682868018766,-0.607460763990677
BMY,0.0,0.0,0.0,0.0,0.0,1.0,0.0,0.0,0.0,0.0,0.0,-0.5758965475981125,-0.04365640142868249,-0.07125589761599387,-0.6043925197635509
BNY,0.0,0.0,0.0,0.0,1.0,0.0,0.0,0.0,0.0,0.0,0.0,-1.4785156969604647,0.1432610878323972,-0.18896279006536792,-0.6385235819615269
BR,0.0,0.0,0.0,0.0,0.0,0.0,1.0,0.0,0.0,0.0,0.0,-0.4160886130241633,-1.4421762308705928,-0.9241921043703588,0.26845209585247265
BRK.B,0.0,0.0,0.0,0.0,1.0,0.0,0.0,0.0,0.0,0.0,0.0,-0.9337005585321746,-0.17336223569714218,0.6539633785219502,-1.1176953099709113
BRO,0.0,0.0,0.0,0.0,1.0,0.0,0.0,0.0,0.0,0.0,0.0,-0.6970363923413603,-0.8795285209875333,-0.925325450573977,-0.047916815866305036
BSX,0.0,0.0,0.0,0.0,0.0,1.0,0.0,0.0,0.0,0.0,0.0,-0.4710799025055531,-2.5385179903268544,0.2850412682840091,0.1529288963188772
BX,0.0,0.0,0.0,0.0,1.0,0.0,0.0,0.0,0.0,0.0,0.0,1.4390742969325,-0.9033227314445041,-0.08055285110703334,-0.27504408748605796
BXP,0.0,0.0,0.0,0.0,0.0,0.0,0.0,0.0,0.0,1.0,0.0,0.37370009783983144,-0.2073366564752483,-1.5693217012290284,-0.649894691393166
C,0.0,0.0,0.0,0.0,1.0,0.0,0.0,0.0,0.0,0.0,0.0,0.6625307287703631,1.0027836076681964,0.7820189969903981,-0.44422317230685815
CAH,0.0,0.0,0.0,0.0,0.0,1.0,0.0,0.0,0.0,0.0,0.0,-1.1884534410589118,0.9699328630325195,-0.351205686671077,-0.43509652775719376
CARR,0.0,0.0,0.0,0.0,0.0,0.0,1.0,0.0,0.0,0.0,0.0,0.599161418589764,-0.06965535804839992,-0.2151689304716855,0.17317502077399127
CASY,0.0,0.0,1.0,0.0,0.0,0.0,0.0,0.0,0.0,0.0,0.0,-1.7841966898511301,1.2659704713583424,0.5404934896349703,0.5054781730734308
CAT,0.0,0.0,0.0,0.0,0.0,0.0,1.0,0.0,0.0,0.0,0.0,1.00116074493031,1.8015062692048112,1.0500824233626769,0.16501615106739417
CB,0.0,0.0,0.0,0.0,1.0,0.0,0.0,0.0,0.0,0.0,0.0,-1.331918648576536,0.38730294155193373,-0.21443900882870603,-0.6218304814247557
CBOE,0.0,0.0,0.0,0.0,1.0,0.0,0.0,0.0,0.0,0.0,0.0,-2.190863176676645,-0.1336882498773638,-0.2563147538072215,0.6982233186690978
CBRE,0.0,0.0,0.0,0.0,0.0,0.0,0.0,0.0,0.0,1.0,0.0,0.5682680443000676,-0.2717228955750796,-0.6840481475334874,-0.20904013856462023
CCI,0.0,0.0,0.0,0.0,0.0,0.0,0.0,0.0,0.0,1.0,0.0,-0.637356948133985,-1.1234347079633489,-0.48309837366370484,-0.22722007790729307
CCL,0.0,1.0,0.0,0.0,0.0,0.0,0.0,0.0,0.0,0.0,0.0,2.6076998598174903,-0.35129185440883204,-0.1692159289584108,-0.04386891552892053
CDNS,0.0,0.0,0.0,0.0,0.0,0.0,0.0,1.0,0.0,0.0,0.0,0.7579364550918511,0.3735569562601082,1.21461959519594,0.2711751741006368
CDW,0.0,0.0,0.0,0.0,0.0,0.0,0.0,1.0,0.0,0.0,0.0,0.28280211135980093,-0.6081207661408641,0.34267778264595067,1.4654822396664873
CEG,0.0,0.0,0.0,0.0,0.0,0.0,0.0,0.0,0.0,0.0,1.0,-0.06553259783244036,-0.8903429670768351,1.1837145603346453,0.5085448981456475
CF,0.0,0.0,0.0,0.0,0.0,0.0,0.0,0.0,1.0,0.0,0.0,-2.8673938180385647,0.5131950678894533,-0.6908661437133007,1.3273790627582887
CFG,0.0,0.0,0.0,0.0,1.0,0.0,0.0,0.0,0.0,0.0,0.0,0.6967990315156994,0.7091741928776788,-0.517878110153623,-0.7927146698308483
CHD,0.0,0.0,1.0,0.0,0.0,0.0,0.0,0.0,0.0,0.0,0.0,-0.7517555766389344,-0.2983879195508697,-1.090934501423231,-0.9876394158342534
CHRW,0.0,0.0,0.0,0.0,0.0,0.0,1.0,0.0,0.0,0.0,0.0,-0.13466216866586964,0.8929525860198423,0.34193881828310146,1.3970098625091816
CHTR,1.0,0.0,0.0,0.0,0.0,0.0,0.0,0.0,0.0,0.0,0.0,0.6845315007230991,-2.6717201716599854,0.5619028938530937,1.0581048304710297
CI,0.0,0.0,0.0,0.0,0.0,1.0,0.0,0.0,0.0,0.0,0.0,-0.8590785246274127,-0.3316775117319401,-0.34437034408206835,-0.22958249545882378
CIEN,0.0,0.0,0.0,0.0,0.0,0.0,0.0,1.0,0.0,0.0,0.0,0.9232835950655006,3.0092772087439474,0.36387801683136833,2.170598788413586
CINF,0.0,0.0,0.0,0.0,1.0,0.0,0.0,0.0,0.0,0.0,0.0,-0.6723171704383436,0.34734030627344076,-0.008582840637630287,-0.37663561854304994
CL,0.0,0.0,1.0,0.0,0.0,0.0,0.0,0.0,0.0,0.0,0.0,-0.9315175750350176,-0.04278743792768507,-0.2889260863038332,-1.0050659690675114
CLX,0.0,0.0,1.0,0.0,0.0,0.0,0.0,0.0,0.0,0.0,0.0,-0.2895909964649093,-1.184402385819283,-0.9095972156103931,-0.4170490188487859
CMCSA,1.0,0.0,0.0,0.0,0.0,0.0,0.0,0.0,0.0,0.0,0.0,-0.36087244626325776,-1.453857216318216,1.0790267996897445,-0.23764634720156982
CME,0.0,0.0,0.0,0.0,1.0,0.0,0.0,0.0,0.0,0.0,0.0,-1.8844902655149658,-0.7000368569226094,1.2132722102367863,-0.1747665906280081
CMG,0.0,1.0,0.0,0.0,0.0,0.0,0.0,0.0,0.0,0.0,0.0,-0.12071095928390324,-1.0057064276037522,0.03817412818193667,0.6467289232694512
CMI,0.0,0.0,0.0,0.0,0.0,0.0,1.0,0.0,0.0,0.0,0.0,0.477711969475469,1.0681587444341902,-0.09069494280035544,0.08941008904548928
CMS,0.0,0.0,0.0,0.0,0.0,0.0,0.0,0.0,0.0,0.0,1.0,-1.1767654009625372,-0.09522574110208819,-0.7611028099437528,-1.3016270262717806
CNC,0.0,0.0,0.0,0.0,0.0,1.0,0.0,0.0,0.0,0.0,0.0,-0.5960883421569707,1.186755131277513,-0.5054082700893537,1.0698277979022155
CNP,0.0,0.0,0.0,0.0,0.0,0.0,0.0,0.0,0.0,0.0,1.0,-1.1238657072059537,0.23273849944073222,-0.7235021639615532,-0.9812146530652714
COF,0.0,0.0,0.0,0.0,1.0,0.0,0.0,0.0,0.0,0.0,0.0,1.1497269230164096,-0.3607267154693722,0.2724796930454003,-0.5877224014150307
COHR,0.0,0.0,0.0,0.0,0.0,0.0,0.0,1.0,0.0,0.0,0.0,1.7342820987411203,2.402094559031467,0.8052001954599667,3.174385078861557
COIN,0.0,0.0,0.0,0.0,1.0,0.0,0.0,0.0,0.0,0.0,0.0,2.589673176085673,-1.566718980618229,1.365165848923982,2.0032960758835627
COO,0.0,0.0,0.0,0.0,0.0,1.0,0.0,0.0,0.0,0.0,0.0,0.37126796115804167,-0.6628609105747798,-0.032026019759355935,-0.7273937663126163
COP,0.0,0.0,0.0,1.0,0.0,0.0,0.0,0.0,0.0,0.0,0.0,-2.2820125847342507,-0.10934084916069813,0.3883658731642216,-1.1644944657558576
COR,0.0,0.0,0.0,0.0,0.0,1.0,0.0,0.0,0.0,0.0,0.0,-1.3779849095477763,-0.1077890210016034,-0.3681059888788476,-0.0014482730791424763
COST,0.0,0.0,1.0,0.0,0.0,0.0,0.0,0.0,0.0,0.0,0.0,-1.2134417345554136,-0.308955308788347,1.9695244413547761,-1.0629950543009696
CPAY,0.0,0.0,0.0,0.0,1.0,0.0,0.0,0.0,0.0,0.0,0.0,0.7990471592785419,-0.06074704580887131,-0.945783477070499,-0.26866932292716206
CPRT,0.0,0.0,0.0,0.0,0.0,0.0,1.0,0.0,0.0,0.0,0.0,0.07913321203740153,-1.8533280016443279,0.46954914437352024,0.09585824750210788
CPT,0.0,0.0,0.0,0.0,0.0,0.0,0.0,0.0,0.0,1.0,0.0,-0.4438795533154933,-0.11438399263739227,-1.5550662121353656,-1.2490370902117878
CRH,0.0,0.0,0.0,0.0,0.0,0.0,0.0,0.0,1.0,0.0,0.0,1.4137879334992598,-0.4092681538662381,-0.31184554336790715,-0.28834714558654473
CRL,0.0,0.0,0.0,0.0,0.0,1.0,0.0,0.0,0.0,0.0,0.0,1.2912666957829118,0.6071930902775824,-1.023420122360875,0.8515472110995783
CRM,0.0,0.0,0.0,0.0,0.0,0.0,0.0,1.0,0.0,0.0,0.0,-0.031872768071403636,-1.528230194718266,0.8958492178086471,1.3231358644745406
CRWD,0.0,0.0,0.0,0.0,0.0,0.0,0.0,1.0,0.0,0.0,0.0,0.7672386651507977,1.850600254690344,1.728512961936546,1.1963949993631053
CSCO,0.0,0.0,0.0,0.0,0.0,0.0,0.0,1.0,0.0,0.0,0.0,-0.3512935090093246,1.3233593513987318,2.1661762572656262,0.6035654131374514
CSGP,0.0,0.0,0.0,0.0,0.0,0.0,0.0,0.0,0.0,1.0,0.0,-0.8125722846476484,-3.017079464626036,0.2088007787629991,1.1523527737894939
CSX,0.0,0.0,0.0,0.0,0.0,0.0,1.0,0.0,0.0,0.0,0.0,-0.5252697993161327,0.723621545108117,1.0265741326712123,-0.5155790394113972
CTAS,0.0,0.0,0.0,0.0,0.0,0.0,1.0,0.0,0.0,0.0,0.0,-0.34864935306757555,-0.469144731075313,0.7100448314693435,-0.15492738848805046
CTSH,0.0,0.0,0.0,0.0,0.0,0.0,0.0,1.0,0.0,0.0,0.0,-0.059082507500376726,-2.141177764670619,0.7482706923208452,2.040514446731403
CTVA,0.0,0.0,0.0,0.0,0.0,0.0,0.0,0.0,1.0,0.0,0.0,-0.6520583255770344,0.4261366909091489,-0.5551954106246862,-0.22651226176366865
CVNA,0.0,1.0,0.0,0.0,0.0,0.0,0.0,0.0,0.0,0.0,0.0,2.155576554520791,0.22729087816892557,0.05365435537711296,1.5681571300233164
CVS,0.0,0.0,0.0,0.0,0.0,1.0,0.0,0.0,0.0,0.0,0.0,-0.8573549597615875,0.9904349633265869,0.08841298059977631,-0.13074994590941638
CVX,0.0,0.0,0.0,1.0,0.0,0.0,0.0,0.0,0.0,0.0,0.0,-2.1516361113272158,-0.10352911592596906,0.9112414189063661,-1.362895030393766
D,0.0,0.0,0.0,0.0,0.0,0.0,0.0,0.0,0.0,0.0,1.0,-0.8922637679960244,0.2825767379300677,-0.3460711217523455,-1.0789548238162647
DAL,0.0,0.0,0.0,0.0,0.0,0.0,1.0,0.0,0.0,0.0,0.0,1.9189852684704767,1.0692352231925553,0.0063255708296352355,-0.09039596674479917
DASH,0.0,1.0,0.0,0.0,0.0,0.0,0.0,0.0,0.0,0.0,0.0,1.0964859216873217,-0.16940237475493783,1.1245900751934195,0.8256651807274523
DD,0.0,0.0,0.0,0.0,0.0,0.0,1.0,0.0,0.0,0.0,0.0,0.8316819167732433,0.2949539060489092,-0.903767117827574,-0.4522712998942208
DDOG,0.0,0.0,0.0,0.0,0.0,0.0,0.0,1.0,0.0,0.0,0.0,-0.16904394688947394,2.196136127831592,1.4251924808434973,2.573137397604004
DE,0.0,0.0,0.0,0.0,0.0,0.0,1.0,0.0,0.0,0.0,0.0,0.26415587788837225,0.30712372228545315,-0.09298414170286447,-0.44759980214339923
DECK,0.0,1.0,0.0,0.0,0.0,0.0,0.0,0.0,0.0,0.0,0.0,1.5441248072631428,-0.6291643202049116,-0.9862377041634971,0.016312112882242952
DELL,0.0,0.0,0.0,0.0,0.0,0.0,0.0,1.0,0.0,0.0,0.0,1.541444913946494,3.332158332286674,0.9139063044723696,3.1305230034122102
DG,0.0,0.0,1.0,0.0,0.0,0.0,0.0,0.0,0.0,0.0,0.0,0.18991439674479113,-0.3324075656054655,-0.5631799356894606,0.05095498556157094
DGX,0.0,0.0,0.0,0.0,0.0,1.0,0.0,0.0,0.0,0.0,0.0,-0.7559613005673309,0.2495784688600382,-1.1224134151050629,-0.5579263338118658
DHI,0.0,1.0,0.0,0.0,0.0,0.0,0.0,0.0,0.0,0.0,0.0,1.3445824215707176,-0.2993277566961106,-0.5885945418675693,-0.4233622216973948
DHR,0.0,0.0,0.0,0.0,0.0,1.0,0.0,0.0,0.0,0.0,0.0,0.14871259704079612,-0.636553392980756,0.11625581909461281,-0.08433959963534747
DIS,1.0,0.0,0.0,0.0,0.0,0.0,0.0,0.0,0.0,0.0,0.0,0.13659113648405233,-0.683416301020934,0.36422684642035935,-0.6852773352641165
DLR,0.0,0.0,0.0,0.0,0.0,0.0,0.0,0.0,0.0,1.0,0.0,-0.2965174839550437,-0.21125379623843352,-0.3208379562035923,-0.24619068876942746
DLTR,0.0,0.0,1.0,0.0,0.0,0.0,0.0,0.0,0.0,0.0,0.0,0.656947233048057,0.37049888715303664,0.5444087569429203,0.4566900624877976
DOC,0.0,0.0,0.0,0.0,0.0,0.0,0.0,0.0,0.0,1.0,0.0,-0.2914745115684311,0.37825555011118184,-1.4295362953846962,-0.4937150130840521
DOV,0.0,0.0,0.0,0.0,0.0,0.0,1.0,0.0,0.0,0.0,0.0,0.39176751733951226,-0.017198756198682802,-0.9832109411233785,-0.48972589165002167
DOW,0.0,0.0,0.0,0.0,0.0,0.0,0.0,0.0,1.0,0.0,0.0,-1.3028303383545836,-0.7873684037267767,-0.4084931863834327,0.7985097360841114
DPZ,0.0,1.0,0.0,0.0,0.0,0.0,0.0,0.0,0.0,0.0,0.0,-0.25606224332177346,-1.428448367652549,0.24241867544404266,-0.17334991584744486
DRI,0.0,1.0,0.0,0.0,0.0,0.0,0.0,0.0,0.0,0.0,0.0,-0.5372444120162263,-0.16363309061434825,-0.8213966218214349,-0.5561838998442323
DTE,0.0,0.0,0.0,0.0,0.0,0.0,0.0,0.0,0.0,0.0,1.0,-1.16233955164533,0.10102105409475205,-1.0846706553741443,-1.4270780578380629
DUK,0.0,0.0,0.0,0.0,0.0,0.0,0.0,0.0,0.0,0.0,1.0,-1.4449081379319364,-0.11816314496155361,-0.1676699480433182,-1.4419749235348538
DVA,0.0,0.0,0.0,0.0,0.0,1.0,0.0,0.0,0.0,0.0,0.0,-0.8510785692240038,1.580232812089315,-1.19652768555374,0.9653131811527172
DVN,0.0,0.0,0.0,1.0,0.0,0.0,0.0,0.0,0.0,0.0,0.0,-2.3791923914580195,-0.022156137130193668,-0.00015048952242285556,-0.8384743993761196
DXCM,0.0,0.0,0.0,0.0,0.0,1.0,0.0,0.0,0.0,0.0,0.0,0.8154593858381228,-0.2560245542486272,0.6799078713432911,0.3900739802041439
EBAY,0.0,1.0,0.0,0.0,0.0,0.0,0.0,0.0,0.0,0.0,0.0,-0.2746586092370658,0.9430240747887679,0.8327195913920054,0.1883379184371232
ECHO,1.0,0.0,0.0,0.0,0.0,0.0,0.0,0.0,0.0,0.0,0.0,-1.1481223022022544,-3.035014037463742,0.6873224878691233,0.9041682712554079
ECL,0.0,0.0,0.0,0.0,0.0,0.0,0.0,0.0,1.0,0.0,0.0,0.20443899465173543,-0.12956509361496424,-0.5387776149298754,-1.0642838321648382
ED,0.0,0.0,0.0,0.0,0.0,0.0,0.0,0.0,0.0,0.0,1.0,-1.550124203043863,-0.0012110793326246998,-0.8660570858949116,-1.2468450524130061
EFX,0.0,0.0,0.0,0.0,0.0,0.0,1.0,0.0,0.0,0.0,0.0,0.8067279271159841,-1.2103887771424156,-0.6518459887392954,0.5454092160313195
EG,0.0,0.0,0.0,0.0,1.0,0.0,0.0,0.0,0.0,0.0,0.0,-0.7830200656837201,0.026892248024670405,-1.4130620745533635,-0.6555762283143513
EIX,0.0,0.0,0.0,0.0,0.0,0.0,0.0,0.0,0.0,0.0,1.0,-1.0190910189308495,0.2753737944587897,-1.1257458091830461,-0.8538764520112485
EL,0.0,0.0,1.0,0.0,0.0,0.0,0.0,0.0,0.0,0.0,0.0,1.4978838721482386,-0.7104421669202711,-0.6927174378062411,0.5730778291410641
ELV,0.0,0.0,0.0,0.0,0.0,1.0,0.0,0.0,0.0,0.0,0.0,-0.7365345411170311,0.2245397634938361,-0.19533394390185815,0.3642136214548659
EME,0.0,0.0,0.0,0.0,0.0,0.0,1.0,0.0,0.0,0.0,0.0,0.20592072079188145,0.552859080376966,-0.5701534606435591,1.2088943061901063
EMR,0.0,0.0,0.0,0.0,0.0,0.0,1.0,0.0,0.0,0.0,0.0,1.183128999415087,-0.17887532241784546,-0.3145553090634001,-0.434215019548756
EOG,0.0,0.0,0.0,1.0,0.0,0.0,0.0,0.0,0.0,0.0,0.0,-2.436421880494902,0.16801344309093671,-0.14912830376447234,-1.0001963392703475
EQIX,0.0,0.0,0.0,0.0,0.0,0.0,0.0,0.0,0.0,1.0,0.0,-0.4465186868086048,0.1984812132024525,0.9699900396157956,-0.4183698595982149
EQR,0.0,0.0,0.0,0.0,0.0,0.0,0.0,0.0,0.0,1.0,0.0,-0.6377755164123394,-0.10312302766053864,-0.8643748615022934,-1.1211106236125563
EQT,0.0,0.0,0.0,1.0,0.0,0.0,0.0,0.0,0.0,0.0,0.0,-1.4810744680731256,-0.477477872368018,-0.3805462062163985,-0.4870515190767994
ERIE,0.0,0.0,0.0,0.0,1.0,0.0,0.0,0.0,0.0,0.0,0.0,-0.41524932771078593,-0.9794933833710451,-0.8709116097539967,0.9948522111738545
ES,0.0,0.0,0.0,0.0,0.0,0.0,0.0,0.0,0.0,0.0,1.0,-0.6015365182709735,0.04588093586807197,-0.9919083002392101,-1.0511980605134057
ESS,0.0,0.0,0.0,0.0,0.0,0.0,0.0,0.0,0.0,1.0,0.0,-0.6095152422185778,0.05463289373499014,-1.3766287941405753,-1.1318717195979584
ETN,0.0,0.0,0.0,0.0,0.0,0.0,1.0,0.0,0.0,0.0,0.0,0.38899597738323805,0.19470389249098083,0.2618131803771247,0.3469261996218764
ETR,0.0,0.0,0.0,0.0,0.0,0.0,0.0,0.0,0.0,0.0,1.0,-0.9954164657505362,0.22845444809712803,-0.647396739311038,-1.2395877116491554
EVRG,0.0,0.0,0.0,0.0,0.0,0.0,0.0,0.0,0.0,0.0,1.0,-1.0977125258540048,0.31489408534445196,0.11800188477377538,-1.3808302782283821
EW,0.0,0.0,0.0,0.0,0.0,1.0,0.0,0.0,0.0,0.0,0.0,-0.5866655436209905,0.3501893571297431,-0.2839684092026923,-0.3586676530769054
EXC,0.0,0.0,0.0,0.0,0.0,0.0,0.0,0.0,0.0,0.0,1.0,-1.3518045104733456,-0.08024792931124046,0.7455639575692602,-1.1663292982183697
EXE,0.0,0.0,0.0,1.0,0.0,0.0,0.0,0.0,0.0,0.0,0.0,-1.7435982513868988,-0.8010608882493635,0.5156434614255527,-0.5546148332702783
EXPD,0.0,0.0,0.0,0.0,0.0,0.0,1.0,0.0,0.0,0.0,0.0,-0.0003606600770556834,0.42583128451320384,-1.0455203837823444,-0.2342156006209637
EXPE,0.0,1.0,0.0,0.0,0.0,0.0,0.0,0.0,0.0,0.0,0.0,1.4151575287598253,0.5554038766706544,0.6720907072400586,0.4402674450443175
EXR,0.0,0.0,0.0,0.0,0.0,0.0,0.0,0.0,0.0,1.0,0.0,-0.16519159118401625,-0.32099563187237506,-1.2997104155831565,-1.25743135387966
F,0.0,1.0,0.0,0.0,0.0,0.0,0.0,0.0,0.0,0.0,0.0,0.6390196611548514,0.019973056061192724,-0.37879318808872753,0.32471444400656196
FANG,0.0,0.0,0.0,1.0,0.0,0.0,0.0,0.0,0.0,0.0,0.0,-2.3940500751379648,0.15480398814626584,0.7320793898057287,-0.7186945788961112
FAST,0.0,0.0,0.0,0.0,0.0,0.0,1.0,0.0,0.0,0.0,0.0,0.053436282590393236,0.04855985787276842,0.6409674203183703,-0.5166376832080054
FCX,0.0,0.0,0.0,0.0,0.0,0.0,0.0,0.0,1.0,0.0,0.0,1.7890284599494248,0.18588319485617336,0.31799363960497445,0.7563033577191187
FDS,0.0,0.0,0.0,0.0,1.0,0.0,0.0,0.0,0.0,0.0,0.0,0.1330004424296078,-1.0385498564356335,-0.8927081671031835,0.9100756649121823
FDX,0.0,0.0,0.0,0.0,0.0,0.0,1.0,0.0,0.0,0.0,0.0,0.8516266769210328,-0.134878285169647,-0.2528329494745544,0.46615343177964724
FDXF,0.0,0.0,0.0,0.0,0.0,0.0,1.0,0.0,0.0,0.0,0.0,0.0,0.0,-0.9781463135697707,0.0
FE,0.0,0.0,0.0,0.0,0.0,0.0,0.0,0.0,0.0,0.0,1.0,-1.3333438514070064,-0.05178422973540976,-0.9699478606664591,-1.1942608951922897
FERG,0.0,0.0,0.0,0.0,0.0,0.0,1.0,0.0,0.0,0.0,0.0,0.3579845338436454,-0.36065752117645183,-0.6539756979872734,-0.035367513757315484
FFIV,0.0,0.0,0.0,0.0,0.0,0.0,0.0,1.0,0.0,0.0,0.0,0.10087859941502371,1.2519242131539043,0.2964967731315775,0.06471702471326252
FICO,0.0,0.0,0.0,0.0,0.0,0.0,0.0,1.0,0.0,0.0,0.0,0.5366123039049436,-0.745090964712324,-0.49113885270182644,2.243572199253087
FIS,0.0,0.0,0.0,0.0,1.0,0.0,0.0,0.0,0.0,0.0,0.0,-0.29746468815250515,-1.8205863212434088,-0.5716430707189679,0.03707233267585768
FISV,0.0,0.0,0.0,0.0,1.0,0.0,0.0,0.0,0.0,0.0,0.0,0.21410542813994896,-1.6000709590390516,0.501072508891172,0.15875516649184213
FITB,0.0,0.0,0.0,0.0,1.0,0.0,0.0,0.0,0.0,0.0,0.0,0.6661226741038409,0.532043547695624,-0.02152512682530287,-0.8453875145408346
FIX,0.0,0.0,0.0,0.0,0.0,0.0,1.0,0.0,0.0,0.0,0.0,1.0496423517048923,2.2473351056177977,0.22495900024400356,1.6441543611368248
FLEX,0.0,0.0,0.0,0.0,0.0,0.0,0.0,1.0,0.0,0.0,0.0,1.7689562401638756,2.729857565750702,1.092366693177928,1.939601178131042
FOX,1.0,0.0,0.0,0.0,0.0,0.0,0.0,0.0,0.0,0.0,0.0,-0.6078829362430157,-0.6460346027831569,-0.503020348607325,0.02921250228405785
FOXA,1.0,0.0,0.0,0.0,0.0,0.0,0.0,0.0,0.0,0.0,0.0,-0.5166219155721932,-0.6105545129647321,0.3299653319096463,0.4167174986706337
FRT,0.0,0.0,0.0,0.0,0.0,0.0,0.0,0.0,0.0,1.0,0.0,-0.7093230753919284,0.21799441958555282,-1.5982872585975079,-1.1568817827977254
FSLR,0.0,0.0,0.0,0.0,0.0,0.0,0.0,1.0,0.0,0.0,0.0,0.9416127766871083,-0.0694605176782225,0.7508365735937256,1.2270502987384873
FTNT,0.0,0.0,0.0,0.0,0.0,0.0,0.0,1.0,0.0,0.0,0.0,-0.49690971746712165,1.9059525186964683,1.3369876629107624,1.5621510371201244
FTV,0.0,0.0,0.0,0.0,0.0,0.0,1.0,0.0,0.0,0.0,0.0,0.4360127967694696,-0.2219811971538058,-0.8576020828273119,-0.5255352817938481
GD,0.0,0.0,0.0,0.0,0.0,0.0,1.0,0.0,0.0,0.0,0.0,-0.6234493109306289,0.297893675707547,-0.5902361743283308,-0.6065564859867169
GDDY,0.0,0.0,0.0,0.0,0.0,0.0,0.0,1.0,0.0,0.0,0.0,0.5821072085691099,-1.4618088273041208,-0.8994814682075084,2.366459972053739
GE,0.0,0.0,0.0,0.0,0.0,0.0,1.0,0.0,0.0,0.0,0.0,0.7479564225518348,0.8818949033433959,0.6330160522029245,-0.4796779647493756
GEHC,0.0,0.0,0.0,0.0,0.0,1.0,0.0,0.0,0.0,0.0,0.0,0.4972746039097788,-0.8826575682775681,0.4582867275914566,0.19761996370793822
GEN,0.0,0.0,0.0,0.0,0.0,0.0,0.0,1.0,0.0,0.0,0.0,0.20724381221851332,-0.13909636969895559,0.019576377808791606,0.9435465025882592
GEV,0.0,0.0,0.0,0.0,0.0,0.0,1.0,0.0,0.0,0.0,0.0,0.3598259486408138,2.1566335379056225,1.012066605839967,1.362515923601309
GILD,0.0,0.0,0.0,0.0,0.0,1.0,0.0,0.0,0.0,0.0,0.0,-0.2992698049885555,0.23695171904159273,1.402789440891667,-0.49837925505814057
GIS,0.0,0.0,1.0,0.0,0.0,0.0,0.0,0.0,0.0,0.0,0.0,-0.7331805677765543,-1.279067427138669,-0.5007826078246043,-0.7460137076531739
GL,0.0,0.0,0.0,0.0,1.0,0.0,0.0,0.0,0.0,0.0,0.0,-0.5866591482127635,0.7731136714155467,-1.5102568100759413,-0.5838260227859342
GLW,0.0,0.0,0.0,0.0,0.0,0.0,0.0,1.0,0.0,0.0,0.0,1.4380805294965695,2.564338673310715,0.8981047069574062,2.9040185998717147
GM,0.0,1.0,0.0,0.0,0.0,0.0,0.0,0.0,0.0,0.0,0.0,0.6856244629952604,0.31848297058109326,0.0925739558482509,-0.3449626585878598
GNRC,0.0,0.0,0.0,0.0,0.0,0.0,1.0,0.0,0.0,0.0,0.0,0.9552980496994088,0.7271752106531466,-0.7069512295103202,1.3545017668812513
GOOG,1.0,0.0,0.0,0.0,0.0,0.0,0.0,0.0,0.0,0.0,0.0,0.010430422258122348,0.9886999070896167,2.8041067038101564,-0.12224843919454473
GOOGL,1.0,0.0,0.0,0.0,0.0,0.0,0.0,0.0,0.0,0.0,0.0,0.06269168288292987,1.030638491115485,3.0682946495366026,-0.08339492044348684
GPC,0.0,1.0,0.0,0.0,0.0,0.0,0.0,0.0,0.0,0.0,0.0,0.9793474847541505,-0.18433453915250345,-1.1102423905889025,0.0035626710586983768
GPN,0.0,0.0,0.0,0.0,1.0,0.0,0.0,0.0,0.0,0.0,0.0,1.1378404613664204,-0.7276530242448278,-0.8753306133074124,0.26241166356492013
GRMN,0.0,1.0,0.0,0.0,0.0,0.0,0.0,0.0,0.0,0.0,0.0,0.3484101530471875,0.18551255234530659,-1.0599350130927232,0.22642222474793386
GS,0.0,0.0,0.0,0.0,1.0,0.0,0.0,0.0,0.0,0.0,0.0,0.6619728438765649,0.8787179795828953,0.9291306122926912,0.2019534161066084
GWW,0.0,0.0,0.0,0.0,0.0,0.0,1.0,0.0,0.0,0.0,0.0,-0.5551296478882058,0.6400295035393759,-0.33727377073428016,-0.5641757784164694
HAL,0.0,0.0,0.0,1.0,0.0,0.0,0.0,0.0,0.0,0.0,0.0,-1.3579254072362923,0.18943813028069134,-0.42871752409904645,-0.6305663703495958
HAS,0.0,1.0,0.0,0.0,0.0,0.0,0.0,0.0,0.0,0.0,0.0,0.29431117709311316,-0.5319586779842067,-0.06480294323125799,0.01974398230727694
HBAN,0.0,0.0,0.0,0.0,1.0,0.0,0.0,0.0,0.0,0.0,0.0,0.6806773061569847,-0.005135764732424818,0.4325374407245697,-0.8300266027123947
HCA,0.0,0.0,0.0,0.0,0.0,1.0,0.0,0.0,0.0,0.0,0.0,-0.6029521221696229,-0.34613672205160595,-0.12019063954129479,-0.16209769453490372
HD,0.0,1.0,0.0,0.0,0.0,0.0,0.0,0.0,0.0,0.0,0.0,0.6040265538887238,-0.5743535702203352,0.5985800228165319,-1.092364924620825
HIG,0.0,0.0,0.0,0.0,1.0,0.0,0.0,0.0,0.0,0.0,0.0,-0.834541571648213,0.06277230416921148,-0.8509870583701922,-0.8149478769195675
HII,0.0,0.0,0.0,0.0,0.0,0.0,1.0,0.0,0.0,0.0,0.0,-0.12149875238671622,-0.5127861301518738,-1.3540033662464468,0.6552292312350882
HLT,0.0,1.0,0.0,0.0,0.0,0.0,0.0,0.0,0.0,0.0,0.0,-0.34963510314057067,0.462709206629642,-0.15984725653621507,-0.6508089007916878
HON,0.0,0.0,0.0,0.0,0.0,0.0,1.0,0.0,0.0,0.0,0.0,0.28522002761973947,-0.24269007360847314,1.4074521419445187,-0.6352720636255552
HONA,0.0,0.0,0.0,0.0,0.0,0.0,1.0,0.0,0.0,0.0,0.0,0.0,0.0,0.9317636618871642,0.0
HOOD,0.0,0.0,0.0,0.0,1.0,0.0,0.0,0.0,0.0,0.0,0.0,2.2905050367590825,1.5659572674756148,1.764787309706805,2.4877889401795166
HPE,0.0,0.0,0.0,0.0,0.0,0.0,0.0,1.0,0.0,0.0,0.0,1.0775337398520362,2.2159602056873164,0.30289553701404853,2.4432070876145136
HPQ,0.0,0.0,0.0,0.0,0.0,0.0,0.0,1.0,0.0,0.0,0.0,0.5234760934391247,-0.4128634353361301,-0.41633789391405795,1.2289167157727354
HRL,0.0,0.0,1.0,0.0,0.0,0.0,0.0,0.0,0.0,0.0,0.0,-0.7124870441548908,-0.4818525201937749,-1.5207199055379166,-0.49402055295878045
HSIC,0.0,0.0,0.0,0.0,0.0,1.0,0.0,0.0,0.0,0.0,0.0,0.0714051729642579,0.17922927383161297,-0.3627454750237903,-0.7579351671973985
HST,0.0,0.0,0.0,0.0,0.0,0.0,0.0,0.0,0.0,1.0,0.0,0.24346111842588047,0.47274031155701773,0.22669303647388378,-0.4838723682184019
HSY,0.0,0.0,1.0,0.0,0.0,0.0,0.0,0.0,0.0,0.0,0.0,-0.9748944885079243,-0.6562400339694318,-0.43919916450041974,-0.6048002741960666
HUBB,0.0,0.0,0.0,0.0,0.0,0.0,1.0,0.0,0.0,0.0,0.0,-0.028677371920419147,-0.02858668947322695,-0.5088537764344349,-0.10169315560763531
HUM,0.0,0.0,0.0,0.0,0.0,1.0,0.0,0.0,0.0,0.0,0.0,-0.3107558399226046,1.4040488036121606,-0.2563477659814678,0.7042253866956378
HWM,0.0,0.0,0.0,0.0,0.0,0.0,1.0,0.0,0.0,0.0,0.0,0.24756414921930975,1.2573511970430864,-0.18214195703066993,-0.3466681761368357
IBKR,0.0,0.0,0.0,0.0,1.0,0.0,0.0,0.0,0.0,0.0,0.0,0.8730290122411244,1.4031166193397222,0.7490854303219172,0.24459584577814356
IBM,0.0,0.0,0.0,0.0,0.0,0.0,0.0,1.0,0.0,0.0,0.0,0.9440162244134002,0.42646169896474373,0.6581066627720822,2.142028492471529
ICE,0.0,0.0,0.0,0.0,1.0,0.0,0.0,0.0,0.0,0.0,0.0,-0.801800961506745,-0.8864750847957864,-0.1938737581173066,-0.702877766779418
IDXX,0.0,0.0,0.0,0.0,0.0,1.0,0.0,0.0,0.0,0.0,0.0,0.8738392166939327,-0.4527705084342429,0.53054493174367,-0.40555976555988926
IEX,0.0,0.0,0.0,0.0,0.0,0.0,1.0,0.0,0.0,0.0,0.0,0.04896384855553059,0.1540890637468994,-1.240549388103447,-0.9189391350017381
IFF,0.0,0.0,0.0,0.0,0.0,0.0,0.0,0.0,1.0,0.0,0.0,0.5828103874830709,-0.08533718094381297,-1.1645524391474988,-0.03154375673972673
INCY,0.0,0.0,0.0,0.0,0.0,1.0,0.0,0.0,0.0,0.0,0.0,-0.26813346037999225,0.9403646895595826,0.1492905795683575,0.16939913771321458
INTC,0.0,0.0,0.0,0.0,0.0,0.0,0.0,1.0,0.0,0.0,0.0,0.9919633493586382,3.332158332286674,3.0682946495366026,3.1670254360259644
INTU,0.0,0.0,0.0,0.0,0.0,0.0,0.0,1.0,0.0,0.0,0.0,-0.6727969050364437,-2.877139511683256,1.5506157607476299,1.9914893619416585
INVH,0.0,0.0,0.0,0.0,0.0,0.0,0.0,0.0,0.0,1.0,0.0,-0.4159062248878406,-0.28538535347271243,-1.3007481350098793,-1.1398825135837238
IP,0.0,0.0,0.0,0.0,0.0,0.0,0.0,0.0,1.0,0.0,0.0,1.4181852891930007,-0.7798399845754838,-0.7676099248283739,0.2563071423963394
IQV,0.0,0.0,0.0,0.0,0.0,1.0,0.0,0.0,0.0,0.0,0.0,0.8463839885625921,-0.013845692637883565,-0.6337844330943924,0.3492837310455629
IR,0.0,0.0,0.0,0.0,0.0,0.0,1.0,0.0,0.0,0.0,0.0,1.37674011098661,-0.5838449630702118,-0.4591761711528235,-0.42858595369759583
IRM,0.0,0.0,0.0,0.0,0.0,0.0,0.0,0.0,0.0,1.0,0.0,0.41804391578718847,0.19411468040671503,-1.0011402324201328,-0.04834170308275175
ISRG,0.0,0.0,0.0,0.0,0.0,1.0,0.0,0.0,0.0,0.0,0.0,0.4090240370179436,-0.8703234221665084,1.3979221791889618,0.1321787829579477
IT,0.0,0.0,0.0,0.0,0.0,0.0,0.0,1.0,0.0,0.0,0.0,1.0001221255195656,-2.607544455698203,-0.9145876481702168,2.797143919445252
ITW,0.0,0.0,0.0,0.0,0.0,0.0,1.0,0.0,0.0,0.0,0.0,0.21567697853396348,-0.21251952880854924,-0.5327657611067633,-0.9513045092283147
IVZ,0.0,0.0,0.0,0.0,1.0,0.0,0.0,0.0,0.0,0.0,0.0,1.1052200204284974,0.45444684370989546,-1.118753336370939,0.0703817769676881
J,0.0,0.0,0.0,0.0,0.0,0.0,1.0,0.0,0.0,0.0,0.0,0.7396714103761579,-0.4361649894171811,-1.364469189862989,-0.34360874983033546
JBHT,0.0,0.0,0.0,0.0,0.0,0.0,1.0,0.0,0.0,0.0,0.0,0.20813071129749242,1.1227266697051437,0.31238354710749067,-0.11288153614425833
JBL,0.0,0.0,0.0,0.0,0.0,0.0,0.0,1.0,0.0,0.0,0.0,0.993169684717954,1.1660448233974092,-0.37497918138673125,0.06954512873885647
JCI,0.0,0.0,0.0,0.0,0.0,0.0,1.0,0.0,0.0,0.0,0.0,0.026428907593979596,0.5958807761612137,-0.05510561485777631,-0.3036292510661884
JKHY,0.0,0.0,0.0,0.0,1.0,0.0,0.0,0.0,0.0,0.0,0.0,-0.6917334013588572,-0.7545195158645087,0.035217965599302375,-0.27252661957131175
JNJ,0.0,0.0,0.0,0.0,0.0,1.0,0.0,0.0,0.0,0.0,0.0,-1.1679701036500179,0.8357275683093801,0.7055540798043924,-0.6820890397587709
JPM,0.0,0.0,0.0,0.0,1.0,0.0,0.0,0.0,0.0,0.0,0.0,0.021471622079681525,0.33600435626478004,0.8856843419225019,-0.9684201161148431
KDP,0.0,0.0,1.0,0.0,0.0,0.0,0.0,0.0,0.0,0.0,0.0,-0.5662346359239911,-0.18041993426461495,0.7125812862322404,-0.675274164636251
KEY,0.0,0.0,0.0,0.0,1.0,0.0,0.0,0.0,0.0,0.0,0.0,0.4115495650624469,0.3700747746529397,-0.9172247156940236,-0.9840024374736003
KEYS,0.0,0.0,0.0,0.0,0.0,0.0,0.0,1.0,0.0,0.0,0.0,0.061691263407819975,1.1686971398068862,-0.26214845991592406,0.2704598030546587
KHC,0.0,0.0,1.0,0.0,0.0,0.0,0.0,0.0,0.0,0.0,0.0,-0.3568786059451686,-0.4652152325360066,0.4456978862827709,-0.7512315407679673
KIM,0.0,0.0,0.0,0.0,0.0,0.0,0.0,0.0,0.0,1.0,0.0,-0.5384643471337421,0.15428829057969085,-1.4753912654788197,-1.259333541730182
KKR,0.0,0.0,0.0,0.0,1.0,0.0,0.0,0.0,0.0,0.0,0.0,1.5514179309455698,-1.0245218357810122,-0.35250841819493445,-0.05137293077441253
KLAC,0.0,0.0,0.0,0.0,0.0,0.0,0.0,1.0,0.0,0.0,0.0,0.8559308019894433,1.9948809164012107,2.1297180516620315,1.874482433247693
KMB,0.0,0.0,1.0,0.0,0.0,0.0,0.0,0.0,0.0,0.0,0.0,-0.5904474556231519,-0.38048003705382427,0.6647599221989013,-0.9513773188435297
KMI,0.0,0.0,0.0,1.0,0.0,0.0,0.0,0.0,0.0,0.0,0.0,-1.6688583236990626,0.22759797464318673,-0.6433864962622327,-0.8689296878971019
KO,0.0,0.0,1.0,0.0,0.0,0.0,0.0,0.0,0.0,0.0,0.0,-1.4992751668349902,0.2631209540567441,0.31702853295890987,-1.151439614228155
KR,0.0,0.0,1.0,0.0,0.0,0.0,0.0,0.0,0.0,0.0,0.0,-1.546518968585605,-0.692983849000499,-0.22706112476257456,-0.4351487405347548
KVUE,0.0,0.0,1.0,0.0,0.0,0.0,0.0,0.0,0.0,0.0,0.0,-0.5847265673432424,-0.22566436307294083,-0.7966339705356815,-0.9792338297818984
L,0.0,0.0,0.0,0.0,1.0,0.0,0.0,0.0,0.0,0.0,0.0,-0.6568004119345333,0.37311278767108874,-1.6643300945868635,-1.0241561077828263
LDOS,0.0,0.0,0.0,0.0,0.0,0.0,1.0,0.0,0.0,0.0,0.0,-0.0977014580573577,-1.8439361770523375,-1.1299942068869004,0.5354717270235596
LEN,0.0,1.0,0.0,0.0,0.0,0.0,0.0,0.0,0.0,0.0,0.0,1.3447306416881843,-1.4909078037638817,-0.7791075776231906,-0.42659202675977026
LH,0.0,0.0,0.0,0.0,0.0,1.0,0.0,0.0,0.0,0.0,0.0,-0.1262353066553115,-0.06748832889761698,-1.0802559288734483,-0.8103002511966845
LHX,0.0,0.0,0.0,0.0,0.0,0.0,1.0,0.0,0.0,0.0,0.0,-0.5742711190915417,-0.2165645494312975,-0.505526799523686,-0.12297908186161323
LII,0.0,0.0,0.0,0.0,0.0,0.0,1.0,0.0,0.0,0.0,0.0,1.5353594738920469,-0.19577778177132113,-0.8868463964653543,0.7171884885338755
LIN,0.0,0.0,0.0,0.0,0.0,0.0,0.0,0.0,1.0,0.0,0.0,-0.7480298886992401,0.18197797584555123,1.4812486720057216,-0.7785311744084311
LITE,0.0,0.0,0.0,0.0,0.0,0.0,0.0,1.0,0.0,0.0,0.0,1.3137167652815471,3.332158332286674,2.1285684134635887,3.174385078861557
LLY,0.0,0.0,0.0,0.0,0.0,1.0,0.0,0.0,0.0,0.0,0.0,-0.35527398453814407,0.930663896882668,1.0309083400337937,-0.1480780985218841
LMT,0.0,0.0,0.0,0.0,0.0,0.0,1.0,0.0,0.0,0.0,0.0,-1.051047630965966,-0.2469927984875977,-0.23018893450504865,-0.0011645011931735519
LNT,0.0,0.0,0.0,0.0,0.0,0.0,0.0,0.0,0.0,0.0,1.0,-1.0523969872411458,0.21478169839928477,0.18199929397511277,-1.2452284496650332
LOW,0.0,1.0,0.0,0.0,0.0,0.0,0.0,0.0,0.0,0.0,0.0,0.6581584416898166,-0.8138080380721696,-0.27652766028386466,-0.9157162430705625
LRCX,0.0,0.0,0.0,0.0,0.0,0.0,0.0,1.0,0.0,0.0,0.0,1.51008260054391,2.6412115242174483,2.374801964885669,1.7031316864228607
LULU,0.0,1.0,0.0,0.0,0.0,0.0,0.0,0.0,0.0,0.0,0.0,0.8672444519162815,-2.511115824132675,0.4502440957330347,0.13331667305237963
LUV,0.0,0.0,0.0,0.0,0.0,0.0,1.0,0.0,0.0,0.0,0.0,1.885013225176361,0.7581064956382355,-0.6224283733375869,0.1912377580414473
LVS,0.0,1.0,0.0,0.0,0.0,0.0,0.0,0.0,0.0,0.0,0.0,-0.37641341235118186,-0.8284076442358123,-0.7769000844229326,0.057323697497255556
LYB,0.0,0.0,0.0,0.0,0.0,0.0,0.0,0.0,1.0,0.0,0.0,-1.9038445188422295,-0.8080506562948854,-0.4289664081172176,0.8280653727245331
LYV,1.0,0.0,0.0,0.0,0.0,0.0,0.0,0.0,0.0,0.0,0.0,0.036523985472061024,0.6279035990864387,-0.5677240385364288,-0.2289097396277777
MA,0.0,0.0,0.0,0.0,1.0,0.0,0.0,0.0,0.0,0.0,0.0,-0.6115599023230597,-0.32693962505191954,0.5789489677593671,-0.863170048835253
MAA,0.0,0.0,0.0,0.0,0.0,0.0,0.0,0.0,0.0,1.0,0.0,-0.5810809385947399,-0.3600547648781618,-1.4168125140365253,-1.210260685727331
MAR,0.0,1.0,0.0,0.0,0.0,0.0,0.0,0.0,0.0,0.0,0.0,-0.06972458455673168,0.5226190523557738,0.9454997801788244,-0.3938035371563147
MAS,0.0,0.0,0.0,0.0,0.0,0.0,1.0,0.0,0.0,0.0,0.0,1.6067496010091245,0.09453457046496985,-0.8447216074738437,0.026146520203724714
MCD,0.0,1.0,0.0,0.0,0.0,0.0,0.0,0.0,0.0,0.0,0.0,-0.9038894997884366,-0.632793526894744,0.3346198847004772,-0.8049822934909158
MCHP,0.0,0.0,0.0,0.0,0.0,0.0,0.0,1.0,0.0,0.0,0.0,1.5325116280972944,0.36708334188263003,1.5701638009530965,0.4410233990053611
MCK,0.0,0.0,0.0,0.0,0.0,1.0,0.0,0.0,0.0,0.0,0.0,-1.3777250029420798,0.07935546659918102,-0.02530562937378489,-0.07681457254019712
MCO,0.0,0.0,0.0,0.0,1.0,0.0,0.0,0.0,0.0,0.0,0.0,-0.010260533173075816,-0.0875209721456355,-0.4150034440331012,-0.7214237878001626
MDLZ,0.0,0.0,1.0,0.0,0.0,0.0,0.0,0.0,0.0,0.0,0.0,-0.9866048520365116,-0.4482452596106832,0.8378954155359023,-0.8764877179526789
MDT,0.0,0.0,0.0,0.0,0.0,1.0,0.0,0.0,0.0,0.0,0.0,-0.3499777411905626,-0.6397110447814468,0.1889538743793651,-0.8992332275084658
MET,0.0,0.0,0.0,0.0,1.0,0.0,0.0,0.0,0.0,0.0,0.0,0.0030929144260072503,0.283378365548135,-0.6258629272703279,-0.9539816860590644
META,1.0,0.0,0.0,0.0,0.0,0.0,0.0,0.0,0.0,0.0,0.0,0.8094797638215568,-0.382888575275202,2.9387120267916007,0.5062715037273333
MGM,0.0,1.0,0.0,0.0,0.0,0.0,0.0,0.0,0.0,0.0,0.0,0.43685156906437095,0.6525580531727789,-1.0444490510953495,0.4602398833930095
MKC,0.0,0.0,1.0,0.0,0.0,0.0,0.0,0.0,0.0,0.0,0.0,-0.8442670621093946,-1.1456578673691213,-1.0663405062771103,-0.5183805109629005
MLM,0.0,0.0,0.0,0.0,0.0,0.0,0.0,0.0,1.0,0.0,0.0,0.7982365266713072,-0.44290657137408634,-0.6449351453561101,-0.5172638538472034
MMM,0.0,0.0,0.0,0.0,0.0,0.0,1.0,0.0,0.0,0.0,0.0,0.2823398479266315,-0.1859528235055186,-0.31075901823006313,-0.5121156257519461
MNST,0.0,0.0,1.0,0.0,0.0,0.0,0.0,0.0,0.0,0.0,0.0,-0.9282854339817921,0.9168115891728951,0.9572310277466156,-0.6460589247768241
MO,0.0,0.0,1.0,0.0,0.0,0.0,0.0,0.0,0.0,0.0,0.0,-1.6207313048404663,0.3500343166188063,-0.08625901069666284,-0.5719511256851524
MOS,0.0,0.0,0.0,0.0,0.0,0.0,0.0,0.0,1.0,0.0,0.0,-0.007951716447380758,-1.464537959371982,-0.8094143702312304,0.45571368202751833
MPC,0.0,0.0,0.0,1.0,0.0,0.0,0.0,0.0,0.0,0.0,0.0,-1.4539791381003577,1.231930494899454,-0.23653863676549866,-0.498112296723368
MPWR,0.0,0.0,0.0,0.0,0.0,0.0,0.0,1.0,0.0,0.0,0.0,0.7578238809454927,0.8330111376114017,1.6851961689529191,1.21893455904901
MRK,0.0,0.0,0.0,0.0,0.0,1.0,0.0,0.0,0.0,0.0,0.0,-0.5747267917312542,0.47834176793590194,0.4680289611225777,-0.5675073280992406
MRNA,0.0,0.0,0.0,0.0,0.0,1.0,0.0,0.0,0.0,0.0,0.0,1.6634974314515325,1.9194838163013999,0.4673341715369928,2.5386227912701482
MRSH,0.0,0.0,0.0,0.0,1.0,0.0,0.0,0.0,0.0,0.0,0.0,-1.1812627890787686,0.0,-0.5187672486922404,-0.44671445250705055
MRVL,0.0,0.0,0.0,0.0,0.0,0.0,0.0,1.0,0.0,0.0,0.0,2.0393491457893984,3.125861535778832,2.6254452104956036,3.174385078861557
MS,0.0,0.0,0.0,0.0,1.0,0.0,0.0,0.0,0.0,0.0,0.0,0.4256590413469705,1.0260422553841935,0.3072743419939522,-0.2938673951841784
MSCI,0.0,0.0,0.0,0.0,1.0,0.0,0.0,0.0,0.0,0.0,0.0,-0.5674974633673568,-0.058455584714098355,-0.5068583728687721,-0.09662215951632734
MSFT,0.0,0.0,0.0,0.0,0.0,0.0,0.0,1.0,0.0,0.0,0.0,-0.7520091488696461,-0.808990747643574,3.0682946495366026,0.5385311244763443
MSI,0.0,0.0,0.0,0.0,0.0,0.0,0.0,1.0,0.0,0.0,0.0,-0.4401512187902441,-0.28945404022369503,-0.4014184777517952,0.46607076659745633
MTB,0.0,0.0,0.0,0.0,1.0,0.0,0.0,0.0,0.0,0.0,0.0,0.2352251756614218,0.36858989385930213,-0.8514653956198791,-1.0732758403257585
MTD,0.0,0.0,0.0,0.0,0.0,1.0,0.0,0.0,0.0,0.0,0.0,0.7488681023738037,-0.41046665640625707,-0.790195224985067,-0.24585041908459568
MU,0.0,0.0,0.0,0.0,0.0,0.0,0.0,1.0,0.0,0.0,0.0,1.7073247700776608,3.332158332286674,3.0682946495366026,3.174385078861557
NCLH,0.0,1.0,0.0,0.0,0.0,0.0,0.0,0.0,0.0,0.0,0.0,2.472825430450272,-0.7481034336912303,-0.5470942013623392,0.6474990638271354
NDAQ,0.0,0.0,0.0,0.0,1.0,0.0,0.0,0.0,0.0,0.0,0.0,-0.054425405984676024,-0.32731144732759027,0.5095883980772901,-0.5638865291565818
NDSN,0.0,0.0,0.0,0.0,0.0,0.0,1.0,0.0,0.0,0.0,0.0,0.6775045072285218,0.1666589505353846,-0.3117002520088275,-1.2227336143994076
NEE,0.0,0.0,0.0,0.0,0.0,0.0,0.0,0.0,0.0,0.0,1.0,-0.8516387220802389,-0.04227060919538676,0.18231375212825712,-1.1532977854370563
NEM,0.0,0.0,0.0,0.0,0.0,0.0,0.0,0.0,1.0,0.0,0.0,0.8975306775200724,0.18068755378498144,0.1688457918058737,0.5495180995215001
NFLX,1.0,0.0,0.0,0.0,0.0,0.0,0.0,0.0,0.0,0.0,0.0,-0.5640990286010853,-1.0847840517887029,2.040248629765346,-0.04705516817287914
NI,0.0,0.0,0.0,0.0,0.0,0.0,0.0,0.0,0.0,0.0,1.0,-0.9397988438653188,0.12680188215819393,-0.937839325401394,-1.241581724517646
NKE,0.0,1.0,0.0,0.0,0.0,0.0,0.0,0.0,0.0,0.0,0.0,0.2630803675744181,-1.7639780924259445,0.16100497935857452,-0.2996028139184455
NOC,0.0,0.0,0.0,0.0,0.0,0.0,1.0,0.0,0.0,0.0,0.0,-0.9049645165090714,-0.5179801768545069,-0.4147242680556898,-0.21612117616020343
NOW,0.0,0.0,0.0,0.0,0.0,0.0,0.0,1.0,0.0,0.0,0.0,0.5170212586346014,-1.2665895399279394,1.0314848580449802,2.3742272128371935
NRG,0.0,0.0,0.0,0.0,0.0,0.0,0.0,0.0,0.0,0.0,1.0,-0.043807963452875624,-0.19634275432148363,-0.546930615609935,1.3799664332130661
NSC,0.0,0.0,0.0,0.0,0.0,0.0,1.0,0.0,0.0,0.0,0.0,-0.7101110297843901,0.19847754505572043,-0.7597901168305876,-0.506551586912659
NTAP,0.0,0.0,0.0,0.0,0.0,0.0,0.0,1.0,0.0,0.0,0.0,0.8566713313206745,1.2882542161019979,0.7997222550063476,0.5585517853080038
NTRS,0.0,0.0,0.0,0.0,1.0,0.0,0.0,0.0,0.0,0.0,0.0,0.06764192429105621,0.9723191273569772,0.09818518659509468,-0.45376275538985233
NUE,0.0,0.0,0.0,0.0,0.0,0.0,0.0,0.0,1.0,0.0,0.0,0.7963601008928317,0.8917488700970064,-0.5297151037025595,-0.1942667786179674
NVDA,0.0,0.0,0.0,0.0,0.0,0.0,0.0,1.0,0.0,0.0,0.0,0.13054248880984584,0.6092414490342538,3.0682946495366026,0.021592413606383084
NVR,0.0,1.0,0.0,0.0,0.0,0.0,0.0,0.0,0.0,0.0,0.0,0.4512688872172215,-0.764191939224765,-1.436524595554212,-0.7015903471459892
NWS,1.0,0.0,0.0,0.0,0.0,0.0,0.0,0.0,0.0,0.0,0.0,-0.503206330951807,-0.2474556956562392,-1.0395722602590671,-0.5080055835123707
NWSA,1.0,0.0,0.0,0.0,0.0,0.0,0.0,0.0,0.0,0.0,0.0,-0.6212831165586792,-0.23768199898852188,-0.2571569555818471,-0.5848088199235489
NXPI,0.0,0.0,0.0,0.0,0.0,0.0,0.0,1.0,0.0,0.0,0.0,0.5734016218988698,0.51995770006803,1.6922622320902017,0.6278966089311553
O,0.0,0.0,0.0,0.0,0.0,0.0,0.0,0.0,0.0,1.0,0.0,-0.9954914517953748,-0.0935575420181865,-0.6795506786936848,-1.40301094513815
ODFL,0.0,0.0,0.0,0.0,0.0,0.0,1.0,0.0,0.0,0.0,0.0,1.429541419624261,0.3054597439994184,0.6532587230953865,0.03233245734474723
OKE,0.0,0.0,0.0,1.0,0.0,0.0,0.0,0.0,0.0,0.0,0.0,-1.7890715348235742,0.10670344988175222,-0.4227566247061465,-0.8384208931832525
OMC,1.0,0.0,0.0,0.0,0.0,0.0,0.0,0.0,0.0,0.0,0.0,0.5423476258086285,-0.31456921808462357,-0.6332605968102946,-0.2023304680748225
ON,0.0,0.0,0.0,0.0,0.0,0.0,0.0,1.0,0.0,0.0,0.0,1.2702471870685992,1.0518598880466785,1.541983223577545,2.0761576232954315
ORCL,0.0,0.0,0.0,0.0,0.0,0.0,0.0,1.0,0.0,0.0,0.0,1.036472832661897,-1.3445789202489498,1.3604209242536507,1.2777931645289662
ORLY,0.0,1.0,0.0,0.0,0.0,0.0,0.0,0.0,0.0,0.0,0.0,-0.6544094203162232,-0.6029351480378268,1.0614321478165045,-0.13232728814225952
OTIS,0.0,0.0,0.0,0.0,0.0,0.0,1.0,0.0,0.0,0.0,0.0,-0.22574666086180756,-1.0487037781193778,-0.7284253236103608,-0.7403134002862192
OXY,0.0,0.0,0.0,1.0,0.0,0.0,0.0,0.0,0.0,0.0,0.0,-2.6035270128817083,-0.014690353019210822,-0.017777973116278042,-0.7722648423279345
PANW,0.0,0.0,0.0,0.0,0.0,0.0,0.0,1.0,0.0,0.0,0.0,0.4188582564954563,1.4976500135203283,1.890275452393872,0.8292462605463523
PAYX,0.0,0.0,0.0,0.0,0.0,0.0,1.0,0.0,0.0,0.0,0.0,-0.6934554010289373,-0.5539426278836742,0.6348908478217915,0.1549334447027456
PCAR,0.0,0.0,0.0,0.0,0.0,0.0,1.0,0.0,0.0,0.0,0.0,0.7211193022235988,0.1617584475680633,0.6852556608220465,-0.37437767504077185
PCG,0.0,0.0,0.0,0.0,0.0,0.0,0.0,0.0,0.0,0.0,1.0,-0.8037253953827005,-0.2095880460483015,-0.9668825092771802,-0.890017720727821
PEG,0.0,0.0,0.0,0.0,0.0,0.0,0.0,0.0,0.0,0.0,1.0,-0.9745654238091742,-0.283129419096145,-0.6194042285035136,-1.5799537103986963
PEP,0.0,0.0,1.0,0.0,0.0,0.0,0.0,0.0,0.0,0.0,0.0,-1.029990696094654,-0.53937857409966,1.532020502769456,-1.1735514745913374
PFE,0.0,0.0,0.0,0.0,0.0,1.0,0.0,0.0,0.0,0.0,0.0,-0.6958326789368103,-0.6752097038345539,-0.045979535313186444,-0.8485438436233492
PFG,0.0,0.0,0.0,0.0,1.0,0.0,0.0,0.0,0.0,0.0,0.0,-0.24638157332179844,0.5947765190956827,-0.12926639030828363,-0.8931919602647607
PG,0.0,0.0,1.0,0.0,0.0,0.0,0.0,0.0,0.0,0.0,0.0,-0.8929159830028804,-0.44303078027682014,0.3687873255820111,-1.158483646612018
PGR,0.0,0.0,0.0,0.0,1.0,0.0,0.0,0.0,0.0,0.0,0.0,-1.3265822525625932,-0.04294922895360443,-0.2819029370553588,-0.1220003531924985
PH,0.0,0.0,0.0,0.0,0.0,0.0,1.0,0.0,0.0,0.0,0.0,0.11346021310530359,0.36393311943304285,-0.16482731727305977,-0.5665427672410575
PHM,0.0,1.0,0.0,0.0,0.0,0.0,0.0,0.0,0.0,0.0,0.0,1.4254708762334856,-0.1724168827493491,-1.060282114583299,-0.5062424257099498
PKG,0.0,0.0,0.0,0.0,0.0,0.0,0.0,0.0,1.0,0.0,0.0,0.3605105024084838,-0.035093330349404844,-1.1613728089330773,-0.5155320618133631
PLD,0.0,0.0,0.0,0.0,0.0,0.0,0.0,0.0,0.0,1.0,0.0,-0.1625093623691748,0.11552384387649539,-0.32574295161979666,-0.8554065277252025
PLTR,0.0,0.0,0.0,0.0,0.0,0.0,0.0,1.0,0.0,0.0,0.0,1.576079673431187,0.1824168273507159,2.3203947237305713,1.781560162562745
PM,0.0,0.0,1.0,0.0,0.0,0.0,0.0,0.0,0.0,0.0,0.0,-1.3772083495635024,0.36774566703862266,0.05724658987555178,-0.47909267260742794
PNC,0.0,0.0,0.0,0.0,1.0,0.0,0.0,0.0,0.0,0.0,0.0,-0.06572949712760358,0.5245985097682094,-0.5465161369241277,-1.05906589545302
PNR,0.0,0.0,0.0,0.0,0.0,0.0,1.0,0.0,0.0,0.0,0.0,1.0502011709356627,-1.2370787251270536,-1.035226788660292,0.23209304866712524
PNW,0.0,0.0,0.0,0.0,0.0,0.0,0.0,0.0,0.0,0.0,1.0,-1.1425031257618903,0.26670524483357466,-1.487824074972722,-1.213947097232338
PODD,0.0,0.0,0.0,0.0,0.0,1.0,0.0,0.0,0.0,0.0,0.0,0.29740177761089487,-1.9709765290170458,0.11437761379741901,1.6403699910655876
PPG,0.0,0.0,0.0,0.0,0.0,0.0,0.0,0.0,1.0,0.0,0.0,1.1110287949761457,-0.2593871016953422,-1.005623184266338,-0.4390782822707105
PPL,0.0,0.0,0.0,0.0,0.0,0.0,0.0,0.0,0.0,0.0,1.0,-1.072265683521326,-0.25190414533109606,-0.8360904141800072,-1.373040848700829
PRU,0.0,0.0,0.0,0.0,1.0,0.0,0.0,0.0,0.0,0.0,0.0,0.030771128253979103,-0.04006417744395252,-1.1435463377882231,-0.9947615279839429
PSA,0.0,0.0,0.0,0.0,0.0,0.0,0.0,0.0,0.0,1.0,0.0,-0.036688092459228286,-0.009978375254044053,-0.7274767626985864,-1.0298041341539816
PSKY,1.0,0.0,0.0,0.0,0.0,0.0,0.0,0.0,0.0,0.0,0.0,0.2135240410676833,-1.454814930880519,-0.6747893066221893,0.7257600377623221
PSX,0.0,0.0,0.0,1.0,0.0,0.0,0.0,0.0,0.0,0.0,0.0,-1.6711308864102024,0.7701651104942147,-0.3968629834126345,-0.721730986907525
PTC,0.0,0.0,0.0,0.0,0.0,0.0,0.0,1.0,0.0,0.0,0.0,-0.4175273969283673,-1.4437215449392808,0.19152420001448853,1.3101648685742073
PWR,0.0,0.0,0.0,0.0,0.0,0.0,1.0,0.0,0.0,0.0,0.0,0.28034401462267194,1.2812828726380874,0.1745921548247162,1.0960890605800195
PYPL,0.0,0.0,0.0,0.0,1.0,0.0,0.0,0.0,0.0,0.0,0.0,0.38028471825317095,-1.3474537078781665,1.0798210606979952,0.476640975284032
Q,0.0,0.0,0.0,0.0,0.0,0.0,0.0,1.0,0.0,0.0,0.0,1.0509886897733447,1.3554442484359168,-0.7456234793252773,0.7501189497681436
QCOM,0.0,0.0,0.0,0.0,0.0,0.0,0.0,1.0,0.0,0.0,0.0,1.0426048076846546,0.2339919870673689,2.3556973388457925,1.680778379714296
RCL,0.0,1.0,0.0,0.0,0.0,0.0,0.0,0.0,0.0,0.0,0.0,1.7929804038350032,-0.002707872129767532,0.11404019536003168,0.053272604362133505
REG,0.0,0.0,0.0,0.0,0.0,0.0,0.0,0.0,0.0,1.0,0.0,-0.9282461406561061,0.024137960793884923,-0.15806176689391366,-1.2099459920447246
REGN,0.0,0.0,0.0,0.0,0.0,1.0,0.0,0.0,0.0,0.0,0.0,-0.22442711996627027,-0.530863976005409,0.9566011747198812,-0.2571053835118926
RF,0.0,0.0,0.0,0.0,1.0,0.0,0.0,0.0,0.0,0.0,0.0,0.3645721138482206,0.3059447521624683,-0.6271221924737499,-0.9334495910522818
RJF,0.0,0.0,0.0,0.0,1.0,0.0,0.0,0.0,0.0,0.0,0.0,-0.11841866339837051,0.04540506733282131,-1.0507123268766034,-0.6363782062263024
RL,0.0,1.0,0.0,0.0,0.0,0.0,0.0,0.0,0.0,0.0,0.0,1.007694731766652,0.63055873793477,-0.7674385749609584,-0.1593699772920955
RMD,0.0,0.0,0.0,0.0,0.0,1.0,0.0,0.0,0.0,0.0,0.0,0.3445458486256001,-0.8389846761962707,-0.888460691910842,-0.08353399425887416
ROK,0.0,0.0,0.0,0.0,0.0,0.0,1.0,0.0,0.0,0.0,0.0,0.7600936458299219,0.6365666037013213,-0.5518464299094222,-0.21432626563382987
ROL,0.0,0.0,0.0,0.0,0.0,0.0,1.0,0.0,0.0,0.0,0.0,-0.968294770972297,-1.0580592445790225,-0.8663121773143166,0.6717033432324472
ROP,0.0,0.0,0.0,0.0,0.0,0.0,0.0,1.0,0.0,0.0,0.0,-0.48543955896428387,-1.0937187544851334,0.6001576766481125,1.2198872069439426
ROST,0.0,1.0,0.0,0.0,0.0,0.0,0.0,0.0,0.0,0.0,0.0,-0.2971455315636071,0.5299965079733524,1.073670469380523,-0.460942858619927
RSG,0.0,0.0,0.0,0.0,0.0,0.0,1.0,0.0,0.0,0.0,0.0,-1.2417553229175489,-0.2069384819246883,-0.6407370197887038,-0.31307087269377565
RTX,0.0,0.0,0.0,0.0,0.0,0.0,1.0,0.0,0.0,0.0,0.0,-0.593699928057718,0.42610801566927825,0.12996428354212486,-0.35787164653080633
RVTY,0.0,0.0,0.0,0.0,0.0,1.0,0.0,0.0,0.0,0.0,0.0,1.3982578226272286,0.10537963573262349,-1.154258482864487,0.13628671674205045
SBAC,0.0,0.0,0.0,0.0,0.0,0.0,0.0,0.0,0.0,1.0,0.0,-0.903632145281872,-0.8184770466025255,-0.003384891936074149,0.2521311503583653
SBUX,0.0,1.0,0.0,0.0,0.0,0.0,0.0,0.0,0.0,0.0,0.0,-0.3541782925704564,0.10544024096930522,1.163878763497185,-0.37499709404270676
SCHW,0.0,0.0,0.0,0.0,1.0,0.0,0.0,0.0,0.0,0.0,0.0,-0.7630930070353464,0.2408054932571398,0.3961998691760812,-0.7929750096434939
SHW,0.0,0.0,0.0,0.0,0.0,0.0,0.0,0.0,1.0,0.0,0.0,0.9434006821351422,-0.36913108506538456,-0.026888575485733743,-0.4288618057698242
SJM,0.0,0.0,1.0,0.0,0.0,0.0,0.0,0.0,0.0,0.0,0.0,-0.8645129093880244,-0.11078727477888534,-1.1981560960327993,-0.5829028310418655
SLB,0.0,0.0,0.0,1.0,0.0,0.0,0.0,0.0,0.0,0.0,0.0,-0.034965481923843786,-0.04357263755824977,0.05435466120415618,0.07817591727136664
SMCI,0.0,0.0,0.0,0.0,0.0,0.0,0.0,1.0,0.0,0.0,0.0,3.0099369150365383,-1.282117087861323,1.329841445387893,3.174385078861557
SNA,0.0,0.0,0.0,0.0,0.0,0.0,1.0,0.0,0.0,0.0,0.0,0.24364632975929032,0.281325852136468,-1.3369962196760539,-1.0486623505469728
SNDK,0.0,0.0,0.0,0.0,0.0,0.0,0.0,1.0,0.0,0.0,0.0,2.186106026781063,3.332158332286674,3.0682946495366026,3.174385078861557
SNPS,0.0,0.0,0.0,0.0,0.0,0.0,0.0,1.0,0.0,0.0,0.0,0.5333382854437193,-0.6657948051415302,1.1763481451456042,0.2879932527846834
SO,0.0,0.0,0.0,0.0,0.0,0.0,0.0,0.0,0.0,0.0,1.0,-1.3674181327552615,-0.06979070343321192,-0.19167708839861974,-1.4086694923195329
SOLV,0.0,0.0,0.0,0.0,0.0,1.0,0.0,0.0,0.0,0.0,0.0,0.48574639822600024,-0.18189196205516867,-1.4015281007004379,-0.16907293883969113
SPG,0.0,0.0,0.0,0.0,0.0,0.0,0.0,0.0,0.0,1.0,0.0,-0.2144698623727838,0.436080305916607,-0.6590305080640565,-1.2414459804961262
SPGI,0.0,0.0,0.0,0.0,1.0,0.0,0.0,0.0,0.0,0.0,0.0,-0.2646086286585104,-0.6432324691087667,0.1423299688873916,-0.567464795760866
SRE,0.0,0.0,0.0,0.0,0.0,0.0,0.0,0.0,0.0,0.0,1.0,-0.8165080112198456,0.004964645815654284,-0.6738415414598145,-1.256999519752169
STE,0.0,0.0,0.0,0.0,0.0,1.0,0.0,0.0,0.0,0.0,0.0,0.3163903752009199,-0.7249155244022498,-1.0872137685710734,-0.8222778638605203
STLD,0.0,0.0,0.0,0.0,0.0,0.0,0.0,0.0,1.0,0.0,0.0,0.9485950234096602,0.8940364351365409,0.41794626810638036,-0.039054817916072
STT,0.0,0.0,0.0,0.0,1.0,0.0,0.0,0.0,0.0,0.0,0.0,-0.028424115985775013,1.2775444534169291,-0.6427192989555821,-0.4296892397752663
STX,0.0,0.0,0.0,0.0,0.0,0.0,0.0,1.0,0.0,0.0,0.0,0.1455152126552898,3.332158332286674,1.9843428559116825,2.474686925878115
STZ,0.0,0.0,1.0,0.0,0.0,0.0,0.0,0.0,0.0,0.0,0.0,-0.6674334907638043,-1.23358238529524,-0.6440377536285953,-0.4359457224879246
SW,0.0,0.0,0.0,0.0,0.0,0.0,0.0,0.0,1.0,0.0,0.0,2.221613969263163,-0.41069565817676523,-0.5899592565087529,0.18867423437902253
SWK,0.0,0.0,0.0,0.0,0.0,0.0,1.0,0.0,0.0,0.0,0.0,2.2160212061008533,0.08571761233790415,-1.167427034127257,-0.23198784677404885
SWKS,0.0,0.0,0.0,0.0,0.0,0.0,0.0,1.0,0.0,0.0,0.0,0.5688050306669007,-1.0611431889090956,0.7112527403724843,1.1081194511853465
SYF,0.0,0.0,0.0,0.0,1.0,0.0,0.0,0.0,0.0,0.0,0.0,1.0414336121964671,-0.26486838875998653,-0.44953565662522144,-0.41507587818771097
SYK,0.0,0.0,0.0,0.0,0.0,1.0,0.0,0.0,0.0,0.0,0.0,-0.11813014149807557,-0.5740917061994231,0.0639936712946677,-0.2621510146913973
SYY,0.0,0.0,1.0,0.0,0.0,0.0,0.0,0.0,0.0,0.0,0.0,-0.719602878559334,-0.02264910811338567,-0.7695304921028826,-0.5150454464002789
T,1.0,0.0,0.0,0.0,0.0,0.0,0.0,0.0,0.0,0.0,0.0,-1.3312126298218667,-1.0288886381242226,0.30356806527305963,-0.14689170921694633
TAP,0.0,0.0,1.0,0.0,0.0,0.0,0.0,0.0,0.0,0.0,0.0,-0.6917048148210926,-1.1778832272807207,-1.1386691586670512,-0.776666877543364
TDG,0.0,0.0,0.0,0.0,0.0,0.0,1.0,0.0,0.0,0.0,0.0,0.21278325200253853,-0.27747626087010113,-0.17355035048791614,-0.43729333760391026
TDY,0.0,0.0,0.0,0.0,0.0,0.0,0.0,1.0,0.0,0.0,0.0,0.41461444006298,0.20764228568013682,-0.9629013327384917,-0.12450248108710457
TECH,0.0,0.0,0.0,0.0,0.0,1.0,0.0,0.0,0.0,0.0,0.0,0.9521845289245576,0.4742959732268057,0.08475205951471365,1.046165144890856
TEL,0.0,0.0,0.0,0.0,0.0,0.0,0.0,1.0,0.0,0.0,0.0,1.2615763430544977,-0.3284616401710009,-0.2979689694740589,0.18989241718977698
TER,0.0,0.0,0.0,0.0,0.0,0.0,0.0,1.0,0.0,0.0,0.0,3.0099369150365383,2.0394653480048204,1.6220120295156963,2.8295903442261823
TFC,0.0,0.0,0.0,0.0,1.0,0.0,0.0,0.0,0.0,0.0,0.0,0.35353975630529283,-0.00165978912051492,-0.3300677551023839,-0.8594728645094665
TGT,0.0,0.0,1.0,0.0,0.0,0.0,0.0,0.0,0.0,0.0,0.0,-0.08019671105570607,0.2807858709822171,-0.04816515093375279,-0.43570354454780524
TJX,0.0,1.0,0.0,0.0,0.0,0.0,0.0,0.0,0.0,0.0,0.0,-0.9104913881865057,0.01430574686993795,-0.041002173329986895,-0.6701833877549961
TKO,1.0,0.0,0.0,0.0,0.0,0.0,0.0,0.0,0.0,0.0,0.0,-0.4234538998095454,0.043247434465231036,-0.7023554971504373,-0.09346319238051012
TMO,0.0,0.0,0.0,0.0,0.0,1.0,0.0,0.0,0.0,0.0,0.0,0.17345284260343402,-0.31693993063018483,0.33408505400176336,-0.4345169323952839
TMUS,1.0,0.0,0.0,0.0,0.0,0.0,0.0,0.0,0.0,0.0,0.0,-1.2323973096145209,-0.8740854529806844,1.3387948409851,0.1262833599834041
TPL,0.0,0.0,0.0,1.0,0.0,0.0,0.0,0.0,0.0,0.0,0.0,-0.6170022795600628,0.09727297224380044,-1.2437660553444327,0.649367000508015
TPR,0.0,1.0,0.0,0.0,0.0,0.0,0.0,0.0,0.0,0.0,0.0,1.0262126564551801,0.8328666905824951,-0.7447149412280714,-0.09226356495485873
TRGP,0.0,0.0,0.0,1.0,0.0,0.0,0.0,0.0,0.0,0.0,0.0,-1.5710744588534185,1.1658589351898507,-0.6461836636014089,-0.7951960417160614
TRMB,0.0,0.0,0.0,0.0,0.0,0.0,0.0,1.0,0.0,0.0,0.0,1.0893717692075304,-1.3228355784998287,0.01078316050384354,0.6335727553304302
TROW,0.0,0.0,0.0,0.0,1.0,0.0,0.0,0.0,0.0,0.0,0.0,0.21742418137756064,0.2341443872581419,0.31155296969503665,-0.7145942991634978
TRV,0.0,0.0,0.0,0.0,1.0,0.0,0.0,0.0,0.0,0.0,0.0,-0.8273347024357578,0.5164454664685337,-0.24285319727415966,-0.32348450949447743
TSCO,0.0,1.0,0.0,0.0,0.0,0.0,0.0,0.0,0.0,0.0,0.0,-0.060704526008385225,-2.205571568925273,0.47800743778659877,0.0774777488570351
TSLA,0.0,1.0,0.0,0.0,0.0,0.0,0.0,0.0,0.0,0.0,0.0,1.081830428343468,-0.00032407723368664375,3.0682946495366026,1.0327277996348814
TSN,0.0,0.0,1.0,0.0,0.0,0.0,0.0,0.0,0.0,0.0,0.0,-0.8300842157303162,-0.4038140539540728,-1.1584155453975957,-0.43706024702361074
TT,0.0,0.0,0.0,0.0,0.0,0.0,1.0,0.0,0.0,0.0,0.0,0.21381286706430097,0.24004533113205173,-0.07648420433560743,-0.6180651600015789
TTD,1.0,0.0,0.0,0.0,0.0,0.0,0.0,0.0,0.0,0.0,0.0,1.6547000037133768,-3.289999839647921,0.4274745744502488,3.1360360403537566
TTWO,1.0,0.0,0.0,0.0,0.0,0.0,0.0,0.0,0.0,0.0,0.0,-0.6283882415208915,0.3277734035775672,0.915047969229521,-0.03141420672094731
TXN,0.0,0.0,0.0,0.0,0.0,0.0,0.0,1.0,0.0,0.0,0.0,0.3315106098635843,1.216124216334868,2.0940243458632497,0.36078128339932414
TXT,0.0,0.0,0.0,0.0,0.0,0.0,1.0,0.0,0.0,0.0,0.0,0.32654275310028297,-0.1406493267371538,-1.3445478239512871,-0.480563611663111
TYL,0.0,0.0,0.0,0.0,0.0,0.0,0.0,1.0,0.0,0.0,0.0,-0.2900994910751265,-1.5279213230166533,-0.8140510132259716,1.6220477729718998
UAL,0.0,0.0,0.0,0.0,0.0,0.0,1.0,0.0,0.0,0.0,0.0,2.6660258894455944,0.9932411616347865,0.8286001187068953,0.567029530736233
UBER,0.0,0.0,0.0,0.0,0.0,0.0,1.0,0.0,0.0,0.0,0.0,0.3495488262787399,-0.5236330161532115,0.6432635114360844,0.35867566693426667
UDR,0.0,0.0,0.0,0.0,0.0,0.0,0.0,0.0,0.0,1.0,0.0,-0.5023341768342843,-0.14057571148887024,-1.1432984216977566,-1.1721398729910493
UHS,0.0,0.0,0.0,0.0,0.0,1.0,0.0,0.0,0.0,0.0,0.0,-0.5497450371137819,-1.0619803254662181,-1.104556794095272,0.2318536618189591
ULTA,0.0,1.0,0.0,0.0,0.0,0.0,0.0,0.0,0.0,0.0,0.0,0.3499259595857186,-0.7788871539550594,0.43556076467806165,-0.14806367015103628
UNH,0.0,0.0,0.0,0.0,0.0,1.0,0.0,0.0,0.0,0.0,0.0,-0.11310903164640093,0.33346122880881984,0.8901027568449017,-0.16374421987584378
UNP,0.0,0.0,0.0,0.0,0.0,0.0,1.0,0.0,0.0,0.0,0.0,-0.5226851220471346,0.299551441242963,0.03783742115964221,-0.6215190683978783
UPS,0.0,0.0,0.0,0.0,0.0,0.0,1.0,0.0,0.0,0.0,0.0,0.47651600999356325,-0.18337207740754288,-0.08188164255242346,-0.2924371071974892
URI,0.0,0.0,0.0,0.0,0.0,0.0,1.0,0.0,0.0,0.0,0.0,0.6163277567320586,0.7646945868731424,-0.283903790725103,0.2903432871931794
USB,0.0,0.0,0.0,0.0,1.0,0.0,0.0,0.0,0.0,0.0,0.0,0.20234767406883397,0.45581833014423906,-0.1312153568124176,-1.100377389389887
V,0.0,0.0,0.0,0.0,1.0,0.0,0.0,0.0,0.0,0.0,0.0,-0.670428723700582,-0.022828591672477857,0.9771827051932493,-0.9431649940374638
VEEV,0.0,0.0,0.0,0.0,0.0,1.0,0.0,0.0,0.0,0.0,0.0,0.6037113608926005,-0.7529250233516345,-0.4355875968328901,0.7864956390257598
VICI,0.0,0.0,0.0,0.0,0.0,0.0,0.0,0.0,0.0,1.0,0.0,-0.6467060447464411,-0.8464865319355206,-0.9927893983720589,-1.2671179789665197
VLO,0.0,0.0,0.0,1.0,0.0,0.0,0.0,0.0,0.0,0.0,0.0,-1.8514835691894924,1.5264378799092906,0.08582870585179214,-0.37100634575905506
VLTO,0.0,0.0,0.0,0.0,0.0,0.0,1.0,0.0,0.0,0.0,0.0,-0.09885667419808344,-0.47193946698403155,-0.9893315619939294,-0.17430972104141632
VMC,0.0,0.0,0.0,0.0,0.0,0.0,0.0,0.0,1.0,0.0,0.0,0.7794938431608706,-0.23072087972660318,-0.4891117788844656,-0.41809702195215087
VRSK,0.0,0.0,0.0,0.0,0.0,0.0,1.0,0.0,0.0,0.0,0.0,-0.9905926531878906,-0.9373250665814952,0.5338397965625691,0.5217067589187393
VRSN,0.0,0.0,0.0,0.0,0.0,0.0,0.0,1.0,0.0,0.0,0.0,-1.1529036614319834,-0.03165848495153607,0.22368694212913176,1.1020612933844858
VRT,0.0,0.0,0.0,0.0,0.0,0.0,1.0,0.0,0.0,0.0,0.0,1.4708448192039583,2.1790981905321134,0.7646609522723545,2.425044575171752
VRTX,0.0,0.0,0.0,0.0,0.0,1.0,0.0,0.0,0.0,0.0,0.0,-0.2875447736186483,0.1730317982744029,1.1230469811959625,-0.6301779995051738
VST,0.0,0.0,0.0,0.0,0.0,0.0,0.0,0.0,0.0,0.0,1.0,0.3362618975327627,-0.1328634027721043,0.11250995276996202,0.9501142524162546
VTR,0.0,0.0,0.0,0.0,0.0,0.0,0.0,0.0,0.0,1.0,0.0,-1.4535791579894064,0.6139641748688011,-0.41421205556141766,-0.6517212702952471
VTRS,0.0,0.0,0.0,0.0,0.0,1.0,0.0,0.0,0.0,0.0,0.0,0.30615337564399087,0.9193057059757133,-0.11710728003837752,-0.2750881939021282
VZ,1.0,0.0,0.0,0.0,0.0,0.0,0.0,0.0,0.0,0.0,0.0,-1.3187495308687367,-0.4675902906301467,0.25045777481015125,-0.20977407721517222
WAB,0.0,0.0,0.0,0.0,0.0,0.0,1.0,0.0,0.0,0.0,0.0,0.3393965847555628,0.41417018040496695,-1.0123231714964045,-0.4118346614243516
WAT,0.0,0.0,0.0,0.0,0.0,1.0,0.0,0.0,0.0,0.0,0.0,0.6590179591894406,0.017590543215306394,-0.5637465444170597,0.06833809723909344
WBD,1.0,0.0,0.0,0.0,0.0,0.0,0.0,0.0,0.0,0.0,0.0,-0.5146166729201457,0.9900203025650098,0.706576180424703,-0.25075179296754546
WDAY,0.0,0.0,0.0,0.0,0.0,0.0,0.0,1.0,0.0,0.0,0.0,0.13246901602626246,-1.4699590423472735,1.025029720147019,2.3910281606409183
WDC,0.0,0.0,0.0,0.0,0.0,0.0,0.0,1.0,0.0,0.0,0.0,1.0503219360402143,3.332158332286674,2.199257810441732,3.174385078861557
WEC,0.0,0.0,0.0,0.0,0.0,0.0,0.0,0.0,0.0,0.0,1.0,-1.082873966814409,-0.019158109580216062,-0.9732986726558019,-1.4732396841231838
WELL,0.0,0.0,0.0,0.0,0.0,0.0,0.0,0.0,0.0,1.0,0.0,-1.313885818467397,0.8983439422124078,-0.154191508836906,-0.5681528895128171
WFC,0.0,0.0,0.0,0.0,1.0,0.0,0.0,0.0,0.0,0.0,0.0,0.12863203425127162,0.06285401448885343,0.5148738381832714,-0.8331438852516027
WM,0.0,0.0,0.0,0.0,0.0,0.0,1.0,0.0,0.0,0.0,0.0,-1.5391433327023534,-0.06234750228763842,-0.3957449750352891,-0.21400530072641566
WMB,0.0,0.0,0.0,1.0,0.0,0.0,0.0,0.0,0.0,0.0,0.0,-1.3755739807308782,0.4590730435920271,-0.11844951672081427,-0.5505068823770067
WMT,0.0,0.0,1.0,0.0,0.0,0.0,0.0,0.0,0.0,0.0,0.0,-1.1450520652822582,-0.048253557945379354,2.0553546739695863,-0.7372786032544257
WRB,0.0,0.0,0.0,0.0,1.0,0.0,0.0,0.0,0.0,0.0,0.0,-1.300304914476775,-0.17373561915792143,-1.3118572676907676,-0.48902488700435376
WSM,0.0,1.0,0.0,0.0,0.0,0.0,0.0,0.0,0.0,0.0,0.0,1.540781981639962,0.4536259020586668,-0.8999687307834222,-0.47183250129537546
WST,0.0,0.0,0.0,0.0,0.0,1.0,0.0,0.0,0.0,0.0,0.0,-0.07057609951017305,0.7228033889628402,-0.829910845612354,-0.017105332076717914
WTW,0.0,0.0,0.0,0.0,1.0,0.0,0.0,0.0,0.0,0.0,0.0,-0.9327574630899487,-0.3559710215699772,0.15974680624859827,-0.1847343043868589
WY,0.0,0.0,0.0,0.0,0.0,0.0,0.0,0.0,0.0,1.0,0.0,0.16770692707447923,-0.8752277073196404,-1.4121293298393185,-0.549185871160006
WYNN,0.0,1.0,0.0,0.0,0.0,0.0,0.0,0.0,0.0,0.0,0.0,0.4753993124362913,-0.5842729252905968,-0.1912137640116879,-0.42077977909556213
XEL,0.0,0.0,0.0,0.0,0.0,0.0,0.0,0.0,0.0,0.0,1.0,-0.8699763997173328,-0.05740719622350603,0.8074240618627192,-1.2460302462871056
XOM,0.0,0.0,0.0,1.0,0.0,0.0,0.0,0.0,0.0,0.0,0.0,-2.2173651045347436,0.06971601094828474,1.0236212763746513,-1.1207050207432578
XYL,0.0,0.0,0.0,0.0,0.0,0.0,1.0,0.0,0.0,0.0,0.0,0.4574202052929714,-0.5865240451047843,-0.9600371226415072,-0.7300493020845568
XYZ,0.0,0.0,0.0,0.0,1.0,0.0,0.0,0.0,0.0,0.0,0.0,1.8704324309080236,0.1009547922641823,-0.08916852468961634,0.730590116748863
YUM,0.0,1.0,0.0,0.0,0.0,0.0,0.0,0.0,0.0,0.0,0.0,-1.0093675158782356,0.0879137052379638,-0.6075543183102221,-0.25113168325457885
ZBH,0.0,0.0,0.0,0.0,0.0,1.0,0.0,0.0,0.0,0.0,0.0,-0.15950737858263128,-0.7143883666999997,-0.9393041923404688,-0.19663978156326573
ZBRA,0.0,0.0,0.0,0.0,0.0,0.0,0.0,1.0,0.0,0.0,0.0,2.485196581028383,-0.3324724504692323,0.20928292671573556,1.6011845925155836
ZTS,0.0,0.0,0.0,0.0,0.0,1.0,0.0,0.0,0.0,0.0,0.0,0.31473152593626,-2.478439303868233,-0.2848738280975232,0.3253608298106789
